paper_id,title,doi,openalex_id,status,pdf_path,oa_status,license,error_message
REFINE-0001,Down-regulated miR-16-2 in peripheral blood is positively correlated with decreased bilateral insula volume in patients with major depressive disorder,10.1016/J.JAD.2023.05.068,https://openalex.org/W4378417519,no_pdf,data/pdfs/REFINE-0001.pdf,,,No PDF URL found in OpenAlex record
REFINE-0002,Sex-specific grey matter abnormalities in individuals with chronic insomnia,10.1007/S10072-023-07224-7,https://openalex.org/W4389483173,no_pdf,data/pdfs/REFINE-0002.pdf,,,No PDF URL found in OpenAlex record
REFINE-0003,FKBP5 is associated with amygdala volume in the human brain and mood state: A voxel-based morphometry (VBM) study,10.3109/13651501.2016.1144772,,already_exists,data/pdfs/REFINE-0003.pdf,,,
REFINE-0004,General and specific effects of early-life psychosocial adversities on adolescent grey matter volume,10.1016/J.NICL.2014.01.001,,already_exists,data/pdfs/REFINE-0004.pdf,,,
REFINE-0005,Reduced prefrontal cortical gray matter volume in young adults exposed to harsh corporal punishment,10.1016/J.NEUROIMAGE.2009.03.005,https://openalex.org/W2073983299,no_pdf,data/pdfs/REFINE-0005.pdf,,cc-by-nc-nd,No PDF URL found in OpenAlex record
REFINE-0006,Obesity and major depression: Body-mass index (BMI) is associated with a severe course of disease and specific neurostructural alterations,10.1016/J.PSYNEUEN.2014.10.001,https://openalex.org/W2168200555,no_pdf,data/pdfs/REFINE-0006.pdf,,,No PDF URL found in OpenAlex record
REFINE-0007,Dissociable morphometric profiles of the affective and cognitive dimensions of alexithymia,10.1016/J.CORTEX.2014.02.017,https://openalex.org/W2163872892,no_pdf,data/pdfs/REFINE-0007.pdf,,,No PDF URL found in OpenAlex record
REFINE-0008,Electroconvulsive therapy increases temporal gray matter volume and cortical thickness,10.1016/J.EURONEURO.2015.12.036,https://openalex.org/W2209613436,no_pdf,data/pdfs/REFINE-0008.pdf,,,No PDF URL found in OpenAlex record
REFINE-0009,Examining the relationship between gray matter volume and a continuous measure of bipolarity in unmedicated unipolar and bipolar depression,10.1016/J.JAD.2020.10.071,https://openalex.org/W3097938891,no_pdf,data/pdfs/REFINE-0009.pdf,,,No PDF URL found in OpenAlex record
REFINE-0010,Subthreshold depression may exist on a spectrum with major depressive disorder: Evidence from gray matter volume and morphological brain network,10.1016/J.JAD.2020.01.135,https://openalex.org/W3000858694,no_pdf,data/pdfs/REFINE-0010.pdf,,,No PDF URL found in OpenAlex record
REFINE-0011,Neural biomarker of functional disability in major depressive disorder: A structural neuroimaging study,10.1016/J.PNPBP.2021.110337,https://openalex.org/W3158837864,no_pdf,data/pdfs/REFINE-0011.pdf,,,No PDF URL found in OpenAlex record
REFINE-0012,Adverse childhood experiences influence the detrimental effect of bipolar disorder and schizophrenia on cortico-limbic grey matter volumes,10.1016/J.JAD.2015.09.049,https://openalex.org/W1889921912,no_pdf,data/pdfs/REFINE-0012.pdf,,,No PDF URL found in OpenAlex record
REFINE-0013,Neuroanatomical correlates of attitudes toward suicide in a large healthy sample: A voxel-based morphometric analysis,10.1016/J.NEUROPSYCHOLOGIA.2015.11.012,https://openalex.org/W2206717976,no_pdf,data/pdfs/REFINE-0013.pdf,,,No PDF URL found in OpenAlex record
REFINE-0014,Voxel-based morphometry study of the insular cortex in female patients with current and remitted depression,10.1016/J.NEUROSCIENCE.2013.12.058,https://openalex.org/W2090953041,no_pdf,data/pdfs/REFINE-0014.pdf,,,No PDF URL found in OpenAlex record
REFINE-0015,Distinct associations of insula and cingulate volume with the cognitive and affective dimensions of alexithymia,10.1016/J.NEUROPSYCHOLOGIA.2013.12.006,https://openalex.org/W2147134152,no_pdf,data/pdfs/REFINE-0015.pdf,,,No PDF URL found in OpenAlex record
REFINE-0016,The contribution of regional gray/white matter volume in preclinical depression assessed by the Automatic Thoughts Questionnaire: A voxel-based morphometry study,10.1097/WNR.0000000000000222,https://openalex.org/W2332112876,no_pdf,data/pdfs/REFINE-0016.pdf,,,No PDF URL found in OpenAlex record
REFINE-0017,Neural correlates of physical activity moderate the association between problematic mobile phone use and psychological symptoms,10.3389/FNBEH.2021.749194,,already_exists,data/pdfs/REFINE-0017.pdf,,,
REFINE-0018,“Brain morphometric biomarkers distinguishing unipolar and bipolar depression: A voxel-based morphometry–pattern classification approach”: Correction,,,not_found,data/pdfs/REFINE-0018.pdf,,,Paper not found in OpenAlex
REFINE-0019,Specificity of abnormal brain volume in major depressive disorder: A comparison with borderline personality disorder,10.1016/J.JAD.2014.11.059,https://openalex.org/W2059962810,no_pdf,data/pdfs/REFINE-0019.pdf,,,No PDF URL found in OpenAlex record
REFINE-0020,The function and structure of precuneus is associated with subjective sleep quality in major depression,10.3389/FPSYT.2021.831524,,already_exists,data/pdfs/REFINE-0020.pdf,,,
REFINE-0021,Brain structure associated with automatic thoughts predicted depression symptoms in healthy individuals,10.1016/J.PSCYCHRESNS.2015.03.002,https://openalex.org/W2031613723,no_pdf,data/pdfs/REFINE-0021.pdf,,,No PDF URL found in OpenAlex record
REFINE-0022,The reflection of self-esteem on the brain structure: A voxel based morphometry study in healthy young adults,,https://openalex.org/W4312496205,error,data/pdfs/REFINE-0022.pdf,,,Downloaded file is not a valid PDF (Content-Type: text/html; charset=utf-8)
REFINE-0023,Altered gray matter volumes and plasma IL-6 level in major depressive disorder patients with suicidal ideation,10.1016/J.NICL.2023.103403,https://openalex.org/W4364378514,error,data/pdfs/REFINE-0023.pdf,,cc-by-nc-nd,Downloaded file is not a valid PDF (Content-Type: text/html; charset=utf-8)
REFINE-0024,The gray matter volume of the right insula mediates the relationship between symptoms of depression/anxiety and sleep quality among college students,10.1177/1359105319869977,https://openalex.org/W2969095751,no_pdf,data/pdfs/REFINE-0024.pdf,,,No PDF URL found in OpenAlex record
REFINE-0025,Neurostructural correlates of hope: Dispositional hope mediates the impact of the SMA gray matter volume on subjective well-being in late adolescence,10.1093/SCAN/NSAA046,https://openalex.org/W3021495488,no_pdf,data/pdfs/REFINE-0025.pdf,,cc-by,HTTP 403 at PDF URL
REFINE-0026,Brain morphometry and connectivity differs between adolescent- and adult-onset major depressive disorder,10.1002/DA.23254,https://openalex.org/W4223975148,no_pdf,data/pdfs/REFINE-0026.pdf,,cc-by,No PDF URL found in OpenAlex record
REFINE-0027,Insular volume reductions in patients with major depressive disorder,10.1016/J.NPBR.2019.06.002,https://openalex.org/W2952601850,no_pdf,data/pdfs/REFINE-0027.pdf,,cc-by-nc-nd,No PDF URL found in OpenAlex record
REFINE-0028,Shared Transdiagnostic Neuroanatomical Signatures Across First-episode Patients with Major Psychiatric Diseases and Individuals at Familial Risk,10.1016/J.NICL.2022.103074,https://openalex.org/W4281990732,no_pdf,data/pdfs/REFINE-0028.pdf,,cc-by-nc-nd,No PDF URL found in OpenAlex record
REFINE-0029,Relationship between a BDNF gene polymorphism and the brain volume in treatment-naive patients with major depressive disorder: A VBM analysis of brain MRI,10.1016/J.PSCYCHRESNS.2015.05.016,https://openalex.org/W1676198535,no_pdf,data/pdfs/REFINE-0029.pdf,,,No PDF URL found in OpenAlex record
REFINE-0030,Association of brain cortical changes with relapse in patients with major depressive disorder,10.1001/JAMAPSYCHIATRY.2018.0123,https://openalex.org/W2794785123,no_pdf,data/pdfs/REFINE-0030.pdf,,,HTTP 403 at PDF URL
REFINE-0031,The left dorsolateral prefrontal cortex volume is reduced in adults reporting childhood trauma independent of depression diagnosis,10.1016/J.JPSYCHIRES.2019.02.014,https://openalex.org/W2917856418,no_pdf,data/pdfs/REFINE-0031.pdf,,,No PDF URL found in OpenAlex record
REFINE-0032,Functional and anatomical brain deficits in drug-naive major depressive disorder,10.1016/J.PNPBP.2014.05.008,https://openalex.org/W2046217022,no_pdf,data/pdfs/REFINE-0032.pdf,,,No PDF URL found in OpenAlex record
REFINE-0033,Structural abnormalities of cingulate cortex in patients with first‐episode drug‐naïve schizophrenia comorbid with depressive symptoms,10.1002/HBM.25315,https://openalex.org/W3112886023,no_pdf,data/pdfs/REFINE-0033.pdf,,cc-by-nc,HTTP 403 at PDF URL
REFINE-0034,"Structural brain abnormalities in women with subclinical depression, as revealed by voxel-based morphometry and diffusion tensor imaging",10.1016/J.JAD.2012.10.023,https://openalex.org/W1984462107,no_pdf,data/pdfs/REFINE-0034.pdf,,,No PDF URL found in OpenAlex record
REFINE-0035,Regional gray matter volume is associated with rejection sensitivity: A voxel-based morphometry study,10.3758/S13415-014-0249-Z,https://openalex.org/W1967607626,no_pdf,data/pdfs/REFINE-0035.pdf,,,No PDF URL found in OpenAlex record
REFINE-0036,COMT Val158Met × SLC6A4 5-HTTLPR interaction impacts on gray matter volume of regions supporting emotion processing,10.1093/SCAN/NST089,https://openalex.org/W2142127186,no_pdf,data/pdfs/REFINE-0036.pdf,,cc-by-nc,HTTP 403 at PDF URL
REFINE-0037,The embodied emotion in cerebellum: A neuroimaging study of alexithymia,10.1007/S00429-014-0790-0,https://openalex.org/W2080467660,no_pdf,data/pdfs/REFINE-0037.pdf,,,No PDF URL found in OpenAlex record
REFINE-0038,Prediction of anxious depression using multimodal neuroimaging and machine learning,10.1016/J.NEUROIMAGE.2023.120499,https://openalex.org/W4389611052,no_pdf,data/pdfs/REFINE-0038.pdf,,cc-by-nc-nd,No PDF URL found in OpenAlex record
REFINE-0039,"The associations of depression and hypertension with brain volumes: Independent or interactive? NeuroImage: Clinical, 8, 79–86",10.1016/J.NICL.2015.03.020,,already_exists,data/pdfs/REFINE-0039.pdf,,,
REFINE-0040,The role of ventromedial prefrontal cortex volume in the association of expressive suppression and externally oriented thinking,10.1016/J.JAD.2017.06.054,https://openalex.org/W2727130322,no_pdf,data/pdfs/REFINE-0040.pdf,,,No PDF URL found in OpenAlex record
REFINE-0041,Predicting differential diagnosis between bipolar and unipolar depression with multiple kernel learning on multimodal structural neuroimaging,10.1016/J.EURONEURO.2020.03.008,https://openalex.org/W3013698728,no_pdf,data/pdfs/REFINE-0041.pdf,,,No PDF URL found in OpenAlex record
REFINE-0042,Neurobiological effects of perceived stress are different between adolescents and middle-aged adults,10.1007/S11682-020-00294-7,,already_exists,data/pdfs/REFINE-0042.pdf,,,
REFINE-0043,Insular and hippocampal gray matter volume reductions in patients with major depressive disorder,10.1371/JOURNAL.PONE.0102692,,already_exists,data/pdfs/REFINE-0043.pdf,,,
REFINE-0044,Hippocampus-driving progressive structural alterations in medication-naïve major depressive disorder,10.1016/J.JAD.2019.05.053,https://openalex.org/W2947078843,no_pdf,data/pdfs/REFINE-0044.pdf,,,No PDF URL found in OpenAlex record
REFINE-0045,Neurobiological predictors for clinical trajectories in fully remitted depressed patients,10.1002/DA.23108,https://openalex.org/W3095302478,no_pdf,data/pdfs/REFINE-0045.pdf,,cc-by,HTTP 403 at PDF URL
REFINE-0046,Hippocampal volume as a putative marker of resilience or compensation to minor depressive symptoms in a nonclinical sample,10.3389/FPSYT.2019.00467,,already_exists,data/pdfs/REFINE-0046.pdf,,,
REFINE-0047,Cerebral and cerebellar gray matter reduction in first-episode patients with major depressive disorder: A voxel-based morphometry study,10.1016/J.EJRAD.2010.04.006,https://openalex.org/W20466498,no_pdf,data/pdfs/REFINE-0047.pdf,,,No PDF URL found in OpenAlex record
REFINE-0048,Sex differences of gray matter morphology in cortico-limbic-striatal neural system in major depressive disorder,10.1016/J.JPSYCHIRES.2013.02.003,https://openalex.org/W1982002006,no_pdf,data/pdfs/REFINE-0048.pdf,,,No PDF URL found in OpenAlex record
REFINE-0049,BDNF Val66Met genotype modulates the effect of childhood adversity on subgenual anterior cingulate cortex volume in healthy subjects,10.1038/MP.2011.51,https://openalex.org/W2111477880,no_pdf,data/pdfs/REFINE-0049.pdf,,,No PDF URL found in OpenAlex record
REFINE-0050,Effects of illness duration and treatment resistance on grey matter abnormalities in major depression,10.1192/BJP.BP.112.116228,,already_exists,data/pdfs/REFINE-0050.pdf,,,
REFINE-0051,Brain morphometric biomarkers distinguishing unipolar and bipolar depression: A voxel-based morphometry-pattern classification approach,10.1001/JAMAPSYCHIATRY.2014.1100,https://openalex.org/W25188810,no_pdf,data/pdfs/REFINE-0051.pdf,,,No PDF URL found in OpenAlex record
REFINE-0052,Replication of a hippocampus specific effect of the tescalcin regulating variant rs7294919 on gray matter structure,10.1016/J.EURONEURO.2020.03.021,https://openalex.org/W3027402297,no_pdf,data/pdfs/REFINE-0052.pdf,,,No PDF URL found in OpenAlex record
REFINE-0053,Abnormal cerebellar volume in patients with remitted major depression with persistent cognitive deficits,10.1007/S12311-020-01157-Z,,already_exists,data/pdfs/REFINE-0053.pdf,,,
REFINE-0054,Association between stressful life events and grey matter volume in the medial prefrontal cortex: A 2-year longitudinal study,10.1002/HBM.25869,https://openalex.org/W4223528563,no_pdf,data/pdfs/REFINE-0054.pdf,,cc-by-nc,No PDF URL found in OpenAlex record
REFINE-0055,Alexithymia is related to differences in gray matter volume: A voxel-based morphometry study,10.1016/J.BRAINRES.2012.10.044,https://openalex.org/W2125678271,no_pdf,data/pdfs/REFINE-0055.pdf,,,No PDF URL found in OpenAlex record
REFINE-0056,Gray and white matter abnormalities in major depressive disorder patients and its associations with childhood adversity,10.1016/J.JAD.2023.02.145,https://openalex.org/W4323048513,no_pdf,data/pdfs/REFINE-0056.pdf,,,No PDF URL found in OpenAlex record
REFINE-0057,Convergent molecular and structural neuroimaging signatures of first-episode depression,10.1016/J.JAD.2022.09.132,https://openalex.org/W4297496126,no_pdf,data/pdfs/REFINE-0057.pdf,,,No PDF URL found in OpenAlex record
REFINE-0058,NCAN cross-disorder risk variant is associated with limbic gray matter deficits in healthy subjects and major depression,10.1038/NPP.2015.86,https://openalex.org/W2088266958,error,data/pdfs/REFINE-0058.pdf,,,"Downloaded file is not a valid PDF (Content-Type: text/html; charset=""utf-8"")"
REFINE-0059,Aberrant Prefrontal-Thalamic-Cerebellar Circuit in Schizophrenia and Depression: Evidence from a Possible Causal Connectivity,10.1142/S0129065718500326,https://openalex.org/W2884486923,no_pdf,data/pdfs/REFINE-0059.pdf,,,No PDF URL found in OpenAlex record
REFINE-0060,Disadvantage of Social Sensitivity: Interaction of Oxytocin Receptor Genotype and Child Maltreatment on Brain Structure,10.1016/J.BIOPSYCH.2015.12.010,https://openalex.org/W2216711948,no_pdf,data/pdfs/REFINE-0060.pdf,,,No PDF URL found in OpenAlex record
REFINE-0061,Decreased regional gray matter volume in S’ allele carriers of the 5-HTTLPR triallelic polymorphism,10.1038/MP.2010.112,https://openalex.org/W2042944685,no_pdf,data/pdfs/REFINE-0061.pdf,,,No PDF URL found in OpenAlex record
REFINE-0062,Brain structural correlates of alexithymia in patients with major depressive disorder,10.1503/JPN.190044,https://openalex.org/W2989757082,no_pdf,data/pdfs/REFINE-0062.pdf,,,HTTP 404 at PDF URL
REFINE-0063,Childhood maltreatment moderates the influence of genetic load for obesity on reward related brain structure and function in major depression,10.1016/J.PSYNEUEN.2018.09.027,https://openalex.org/W2893093521,no_pdf,data/pdfs/REFINE-0063.pdf,,,No PDF URL found in OpenAlex record
REFINE-0064,What is the impact of child abuse on gray matter abnormalities in individuals with major depressive disorder: a case control study,10.1186/S12888-016-1116-Y,,already_exists,data/pdfs/REFINE-0064.pdf,,,
REFINE-0065,Grey matter volume abnormalities in patients with bipolar I depressive disorder and unipolar depressive disorder: A voxel-based morphometry study,10.1007/S12264-014-1485-5,https://openalex.org/W2101368129,no_pdf,data/pdfs/REFINE-0065.pdf,,,No PDF URL found in OpenAlex record
REFINE-0066,Childhood maltreatment is associated with gray matter volume abnormalities in patients with first-episode depression,10.1016/J.PSCYCHRESNS.2017.07.005,https://openalex.org/W2736546464,no_pdf,data/pdfs/REFINE-0066.pdf,,,No PDF URL found in OpenAlex record
REFINE-0067,Are you gonna leave me? Separation anxiety is associated with increased amygdala responsiveness and volume,10.1093/SCAN/NSU055,https://openalex.org/W2119545922,no_pdf,data/pdfs/REFINE-0067.pdf,,cc-by-nc,HTTP 403 at PDF URL
REFINE-0068,Effects of tumor necrosis factor-α polymorphism on the brain structural changes of the patients with major depressive disorder,10.1038/S41398-018-0256-X,,already_exists,data/pdfs/REFINE-0068.pdf,,,
REFINE-0069,Interaction of recent stressful life events and childhood abuse on orbitofrontal grey matter volume in adults with depression,10.1016/J.JAD.2022.06.050,https://openalex.org/W4283324976,no_pdf,data/pdfs/REFINE-0069.pdf,,,No PDF URL found in OpenAlex record
REFINE-0070,Association of a SIRT1 polymorphism with changes of gray matter volume in patients with first-episode medication-naïve major depression,10.1016/J.PSCYCHRESNS.2020.111101,https://openalex.org/W3025064065,no_pdf,data/pdfs/REFINE-0070.pdf,,,No PDF URL found in OpenAlex record
REFINE-0071,Functional and structural alterations in different durations of untreated illness in the frontal and parietal lobe in major depressive disorder,10.1007/S00406-023-01625-7,,already_exists,data/pdfs/REFINE-0071.pdf,,,
REFINE-0072,"Reduced gray matter volume in the anterior cingulate, orbitofrontal cortex and thalamus as a function of mild depressive symptoms: A voxel-based morphometric analysis",10.1017/S0033291714000348,https://openalex.org/W1997512585,no_pdf,data/pdfs/REFINE-0072.pdf,,,No PDF URL found in OpenAlex record
REFINE-0073,Limbic scars: Long-term consequences of childhood maltreatment revealed by functional and structural magnetic resonance imaging,10.1016/J.BIOPSYCH.2011.10.021,https://openalex.org/W2083312379,no_pdf,data/pdfs/REFINE-0073.pdf,,,No PDF URL found in OpenAlex record
REFINE-0074,Brain structural alterations associated with young women with subthreshold depression,10.1038/SREP09707,,already_exists,data/pdfs/REFINE-0074.pdf,,,
REFINE-0075,Gray matter volumetric correlates of the polygenic risk of depression: A study of the Human Connectome Project data,10.1016/J.EURONEURO.2024.06.004,https://openalex.org/W4400041364,no_pdf,data/pdfs/REFINE-0075.pdf,,,No PDF URL found in OpenAlex record
REFINE-0076,Anatomical brain difference of subthreshold depression in young and middle-aged individuals,10.1016/J.NICL.2017.02.022,https://openalex.org/W2594330636,no_pdf,data/pdfs/REFINE-0076.pdf,,cc-by-nc-nd,No PDF URL found in OpenAlex record
REFINE-0077,Larger amygdala volume in first-degree relatives of patients with major depression,10.1016/J.NICL.2014.05.015,https://openalex.org/W1993859837,no_pdf,data/pdfs/REFINE-0077.pdf,,cc-by-nc-nd,No PDF URL found in OpenAlex record
REFINE-0078,Common and distinct abnormal frontal-limbic system structural and functional patterns in patients with major depression and bipolar disorder,10.1016/J.NICL.2018.07.002,https://openalex.org/W2852918721,no_pdf,data/pdfs/REFINE-0078.pdf,,cc-by-nc-nd,No PDF URL found in OpenAlex record
REFINE-0079,Prefrontal cortical abnormalities in currently depressed versus currently remitted patients with major depressive disorder,10.1016/J.NEUROIMAGE.2010.11.011,https://openalex.org/W2011658741,no_pdf,data/pdfs/REFINE-0079.pdf,,,No PDF URL found in OpenAlex record
REFINE-0080,Structural brain abnormalities in multiple sclerosis patients with major depression,10.1212/01.WNL.0000110316.12086.0C,https://openalex.org/W2149802110,no_pdf,data/pdfs/REFINE-0080.pdf,,,No PDF URL found in OpenAlex record
REFINE-0081,Biobehavioral threat sensitivity and amygdala volume: A twin neuroimaging study,10.1016/J.NEUROIMAGE.2018.10.065,https://openalex.org/W2898521385,no_pdf,data/pdfs/REFINE-0081.pdf,,,No PDF URL found in OpenAlex record
REFINE-0082,Altered reward processing in the orbitofrontal cortex and hippocampus in healthy first-degree relatives of patients with depression,10.1017/S0033291713001815,https://openalex.org/W2033818757,no_pdf,data/pdfs/REFINE-0082.pdf,,,No PDF URL found in OpenAlex record
REFINE-0083,Correlation between neurochemical metabolism and memory function in adolescent patients with depression: A multi‐voxel 1H magnetic resonance spectroscopy study,10.1111/PCN.12372,https://openalex.org/W2267781481,no_pdf,data/pdfs/REFINE-0083.pdf,,,HTTP 403 at PDF URL
REFINE-0084,The relationship of anxious and depressive symptoms in Parkinson’s disease with voxel-based neuroanatomical and functional connectivity measures,10.1016/J.JAD.2018.10.364,https://openalex.org/W2899770058,no_pdf,data/pdfs/REFINE-0084.pdf,,,No PDF URL found in OpenAlex record
REFINE-0085,Depressive disorder–associated microglia as a target for a personalized antidepressant approach,10.1016/J.BIOPSYCH.2023.07.002,https://openalex.org/W4386778831,no_pdf,data/pdfs/REFINE-0085.pdf,,,No PDF URL found in OpenAlex record
REFINE-0086,Depressogenic self-schemas are associated with smaller regional grey matter volume in never-depressed preadolescents,10.1016/J.NICL.2020.102422,https://openalex.org/W3084372675,no_pdf,data/pdfs/REFINE-0086.pdf,,cc-by-nc-nd,HTTP 403 at PDF URL
REFINE-0087,Elevated amygdala perfusion mediates developmental sex differences in trait anxiety,10.1016/J.BIOPSYCH.2016.04.021,https://openalex.org/W2346055880,no_pdf,data/pdfs/REFINE-0087.pdf,,,No PDF URL found in OpenAlex record
REFINE-0088,Apathy correlates with prefrontal amyloid β deposition in Alzheimer’s disease,10.1136/JNNP-2013-306110,https://openalex.org/W1966601502,no_pdf,data/pdfs/REFINE-0088.pdf,,,No PDF URL found in OpenAlex record
REFINE-0089,The D-allele of ACE insertion/deletion polymorphism is associated with regional white matter volume changes and cognitive impairment in remitted geriatric depression,10.1016/J.NEULET.2010.05.076,https://openalex.org/W2007843254,no_pdf,data/pdfs/REFINE-0089.pdf,,,No PDF URL found in OpenAlex record
REFINE-0090,Comparison of regional gray matter volume abnormalities in Alzheimer’s disease and late life depression with hippocampal atrophy using VSRAD analysis: A voxel-based morphometry study,10.1016/J.PSCYCHRESNS.2015.01.018,https://openalex.org/W1974710550,no_pdf,data/pdfs/REFINE-0090.pdf,,cc-by-nc-nd,No PDF URL found in OpenAlex record
REFINE-0091,Regional gray matter reductions are associated with genetic liability for anxiety and depression: An MRI twin study,10.1016/J.JAD.2013.01.019,https://openalex.org/W2052820737,no_pdf,data/pdfs/REFINE-0091.pdf,,,No PDF URL found in OpenAlex record
REFINE-0092,Cerebral amyloid accumulation is associated with distinct structural and functional alterations in the brain of depressed elders with mild cognitive impairment,10.1016/J.JAD.2020.12.049,https://openalex.org/W3111233115,no_pdf,data/pdfs/REFINE-0092.pdf,,cc-by-nc-nd,No PDF URL found in OpenAlex record
REFINE-0093,The effect of trait anxiety on risk‐taking: Functional coupling between right hippocampus and left insula,10.1111/PSYP.13629,https://openalex.org/W3042157738,no_pdf,data/pdfs/REFINE-0093.pdf,,,No PDF URL found in OpenAlex record
REFINE-0094,"Right dorsolateral prefrontal cortex volumetric reduction is associated with antidepressant effect of low-dose ketamine infusion: A randomized, double-blind, midazolam-controlled PET-MRI clinical trial",10.1016/J.JAD.2023.05.024,https://openalex.org/W4376142538,no_pdf,data/pdfs/REFINE-0094.pdf,,,No PDF URL found in OpenAlex record
REFINE-0095,Altered gray matter volume and white matter integrity in college students with mobile phone dependence,,,already_exists,data/pdfs/REFINE-0095.pdf,,,
REFINE-0096,Male elderly subthreshold depression patients have smaller volume of medial part of prefrontal cortex and precentral gyrus compared with age-matched normal subjects: A voxel-based morphometry,10.1016/J.JAD.2005.08.003,https://openalex.org/W2053859325,no_pdf,data/pdfs/REFINE-0096.pdf,,,No PDF URL found in OpenAlex record
REFINE-0097,Neuroinflammation in the amygdala is associated with recent depressive symptoms,10.1016/J.BPSC.2023.04.011,https://openalex.org/W4375951805,no_pdf,data/pdfs/REFINE-0097.pdf,,cc-by-nc-nd,No PDF URL found in OpenAlex record
REFINE-0098,"A subtle grey-matter increase in first-episode, drug-naive major depressive disorder with panic disorder after 6 weeks’ duloxetine therapy",10.1017/S1461145710000829,https://openalex.org/W2104362470,no_pdf,data/pdfs/REFINE-0098.pdf,,,HTTP 403 at PDF URL
REFINE-0099,The brain-derived neurotrophic factor VAL66MET polymorphism and cerebral white matter hyperintensities in late-life depression,10.1097/JGP.0B013E3181591C30,https://openalex.org/W2084955561,no_pdf,data/pdfs/REFINE-0099.pdf,,,No PDF URL found in OpenAlex record
REFINE-0100,Biophysical mechanisms of electroconvulsive therapy-induced volume expansion in the medial temporal lobe: A longitudinal in vivo human imaging study,10.1016/J.BRS.2021.06.011,https://openalex.org/W3174186083,no_pdf,data/pdfs/REFINE-0100.pdf,,,HTTP 404 at PDF URL
REFINE-0101,Multimodal MRI markers support a model of small vessel ischemia for depressive symptoms in very old adults,10.1016/J.PSCYCHRESNS.2014.08.009,https://openalex.org/W2008699122,no_pdf,data/pdfs/REFINE-0101.pdf,,,No PDF URL found in OpenAlex record
REFINE-0102,Alterations in brain grey matter structures in patients with Crohn’s disease and their correlation with psychological distress,10.1093/ECCO-JCC/JJV057,https://openalex.org/W2130694546,no_pdf,data/pdfs/REFINE-0102.pdf,,,HTTP 403 at PDF URL
REFINE-0103,Prefrontal cortex and amygdala anatomy in youth with persistent levels of harsh parenting practices and subclinical anxiety symptoms over time during childhood,10.1017/S0954579420001716,https://openalex.org/W3138223441,no_pdf,data/pdfs/REFINE-0103.pdf,,,No PDF URL found in OpenAlex record
REFINE-0104,Cortical and subcortical abnormalities in late-onset depression with history of suicide attempts investigated with MRI and voxel-based morphometry,10.1177/0891988710363713,https://openalex.org/W2032639509,no_pdf,data/pdfs/REFINE-0104.pdf,,,No PDF URL found in OpenAlex record
REFINE-0105,Smaller gray matter volume of hippocampus/parahippocampus in elderly people with subthreshold depression: A cross-sectional study,10.1186/S12888-016-0928-0,https://openalex.org/W2471127991,no_pdf,data/pdfs/REFINE-0105.pdf,,cc-by,No PDF URL found in OpenAlex record
REFINE-0106,Effect of childhood physical abuse on social anxiety is mediated via reduced frontal lobe and amygdala-hippocampus complex volume in adult clinical high-risk subjects,10.1016/J.SCHRES.2020.05.041,https://openalex.org/W3027713587,no_pdf,data/pdfs/REFINE-0106.pdf,,,No PDF URL found in OpenAlex record
REFINE-0107,Combined treatment with escitalopram and memantine increases gray matter volume and cortical thickness compared to escitalopram and placebo in a pilot study of geriatric depression,10.1016/J.JAD.2020.05.092,https://openalex.org/W3027030318,no_pdf,data/pdfs/REFINE-0107.pdf,,,No PDF URL found in OpenAlex record
REFINE-0108,Somatostatin receptor subtype 4 activation is involved in anxiety and depression-like behavior in mouse models,10.1016/J.NEUROPHARM.2015.09.021,https://openalex.org/W1672881755,no_pdf,data/pdfs/REFINE-0108.pdf,,,No PDF URL found in OpenAlex record
REFINE-0109,No consistent difference in gray matter volume between individuals with fibromyalgia and age-matched healthy subjects when controlling for affective disorder,10.1016/J.PAIN.2009.03.017,https://openalex.org/W2053355176,no_pdf,data/pdfs/REFINE-0109.pdf,,,No PDF URL found in OpenAlex record
REFINE-0110,Subcortical white matter lesions and functional impairment in geriatric depression,10.1002/DA.1081,https://openalex.org/W2071879589,no_pdf,data/pdfs/REFINE-0110.pdf,,,HTTP 403 at PDF URL
REFINE-0111,Association of electroconvulsive therapy-induced structural plasticity with clinical remission,10.1016/J.PNPBP.2021.110286,https://openalex.org/W3129340790,no_pdf,data/pdfs/REFINE-0111.pdf,,,No PDF URL found in OpenAlex record
REFINE-0112,Gray matter regions statistically mediating the cross‐sectional association of eotaxin and set‐shifting among older adults with major depressive disorder,10.1002/GPS.4585,https://openalex.org/W2523488782,no_pdf,data/pdfs/REFINE-0112.pdf,,,No PDF URL found in OpenAlex record
REFINE-0113,Decreased hippocampal volume in healthy girls at risk of depression,10.1001/ARCHGENPSYCHIATRY.2009.202,https://openalex.org/W2155962001,no_pdf,data/pdfs/REFINE-0113.pdf,,,No PDF URL found in OpenAlex record
REFINE-0114,Increased Brain Gray Matter in the Primary Somatosensory Cortex is Associated with Increased Pain and Mood Disturbance in Patients with Interstitial Cystitis/Painful Bladder Syndrome,10.1016/J.JURO.2014.08.042,https://openalex.org/W2167779991,no_pdf,data/pdfs/REFINE-0114.pdf,,,No PDF URL found in OpenAlex record
REFINE-0115,Maternal depression during pregnancy alters infant subcortical and midbrain volumes,10.1016/J.JAD.2021.05.008,https://openalex.org/W3162424830,no_pdf,data/pdfs/REFINE-0115.pdf,,cc-by,No PDF URL found in OpenAlex record
REFINE-0116,Metabolic compensation and depression in Alzheimer’s disease,10.1159/000257761,https://openalex.org/W1986068184,no_pdf,data/pdfs/REFINE-0116.pdf,,,No PDF URL found in OpenAlex record
REFINE-0117,Vertex-wise examination of depressive symptom dimensions and brain volumes in older adults,10.1016/J.PSCYCHRESNS.2016.12.008,https://openalex.org/W2561259690,no_pdf,data/pdfs/REFINE-0117.pdf,,,No PDF URL found in OpenAlex record
REFINE-0118,Cortical thinning in preschoolers with maladaptive guilt,10.1016/J.PSCYCHRESNS.2020.111195,https://openalex.org/W3087333225,no_pdf,data/pdfs/REFINE-0118.pdf,,,No PDF URL found in OpenAlex record
REFINE-0119,Evaluating the effect of birth weight on brain volumes and depression: An observational and genetic study using UK Biobank cohort,10.1192/J.EURPSY.2020.74,,already_exists,data/pdfs/REFINE-0119.pdf,,,
REFINE-0120,Influence of the MTHFR C677T polymorphism on magnetic resonance imaging hyperintensity volume and cognition in geriatric depression,10.1097/JGP.0B013E3181AAD5B2,https://openalex.org/W2166385125,no_pdf,data/pdfs/REFINE-0120.pdf,,,No PDF URL found in OpenAlex record
REFINE-0121,Identification of specific neural circuit underlying the key cognitive deficit of remitted late-onset depression: A multi-modal MRI and machine learning study,10.1016/J.PNPBP.2020.110192,https://openalex.org/W3113111269,no_pdf,data/pdfs/REFINE-0121.pdf,,,No PDF URL found in OpenAlex record
REFINE-0122,Regional gray matter abnormalities in pre-adolescent binge eating disorder: A voxel-based morphometry study,10.1016/J.PSYCHRES.2022.114473,https://openalex.org/W4213145343,no_pdf,data/pdfs/REFINE-0122.pdf,,,No PDF URL found in OpenAlex record
REFINE-0123,Combined analysis of grey matter voxel-based morphometry and white matter tract-based spatial statistics in late-life bipolar disorder,10.1503/JPN.100140,https://openalex.org/W2162250733,no_pdf,data/pdfs/REFINE-0123.pdf,,,HTTP 403 at PDF URL
REFINE-0124,Preliminary results from a pilot study examining brain structure in older adult cannabis users and nonusers,10.1016/J.PSCYCHRESNS.2019.02.001,https://openalex.org/W2914359901,no_pdf,data/pdfs/REFINE-0124.pdf,,,No PDF URL found in OpenAlex record
REFINE-0125,Gray matter volume of rostral anterior cingulate cortex predicts rapid antidepressant response to ketamine,10.1016/J.EURONEURO.2020.11.017,https://openalex.org/W3112100960,no_pdf,data/pdfs/REFINE-0125.pdf,,,No PDF URL found in OpenAlex record
REFINE-0126,Structural brain differences predict early traumatic memory processing,10.1111/PSYP.13354,https://openalex.org/W2919476658,no_pdf,data/pdfs/REFINE-0126.pdf,,,No PDF URL found in OpenAlex record
REFINE-0127,The neuroanatomy of subthreshold depressive symptoms in Huntington’s disease: A combined diffusion tensor imaging (DTI) and voxel-based morphometry (VBM) study,10.1017/S003329171300247X,https://openalex.org/W2042666352,no_pdf,data/pdfs/REFINE-0127.pdf,,other-oa,No PDF URL found in OpenAlex record
REFINE-0128,Gray matter anomalies in anterior cingulate cortex as a correlate of depressive symptoms in drug-naïve idiopathic restless legs syndrome,10.1016/J.NEUROSCIENCE.2014.06.045,https://openalex.org/W2053591966,no_pdf,data/pdfs/REFINE-0128.pdf,,,No PDF URL found in OpenAlex record
REFINE-0129,"Epidemiology of MRI-defined vascular depression: A longitudinal, community-based study in Korean elders",10.1016/J.JAD.2015.04.008,https://openalex.org/W2152209257,no_pdf,data/pdfs/REFINE-0129.pdf,,,No PDF URL found in OpenAlex record
REFINE-0130,Subjectivity of the anomalous sense of self is represented in gray matter volume in the brain,10.3389/FNHUM.2017.00232,,already_exists,data/pdfs/REFINE-0130.pdf,,,
REFINE-0131,Cross-sectional and longitudinal relationships between depressive symptoms and brain atrophy in MS patients,10.3389/FNHUM.2016.00622,,already_exists,data/pdfs/REFINE-0131.pdf,,,
REFINE-0132,Reduced cerebral blood flow within the default-mode network and within total gray matter in major depression,10.1089/BRAIN.2012.0101,https://openalex.org/W2085051507,no_pdf,data/pdfs/REFINE-0132.pdf,,,No PDF URL found in OpenAlex record
REFINE-0133,Influence of the topography of brain damage on depression and fatigue in patients with multiple sclerosis,10.1177/1352458513493684,https://openalex.org/W2110663472,no_pdf,data/pdfs/REFINE-0133.pdf,,,No PDF URL found in OpenAlex record
REFINE-0134,Neural correlates of the association between depression and high density lipoprotein cholesterol change,10.1016/J.JPSYCHIRES.2020.07.012,https://openalex.org/W3045960987,no_pdf,data/pdfs/REFINE-0134.pdf,,,No PDF URL found in OpenAlex record
REFINE-0135,Perfectionism mediated the relationship between brain structure variation and negative emotion in a nonclinical sample,10.3758/S13415-016-0474-8,,already_exists,data/pdfs/REFINE-0135.pdf,,,
REFINE-0136,The neural substrates responsible for how trait anxiety affects delay discounting: Right hippocampal and cerebellar connectivity with bistable right inferior parietal lobule,10.1111/PSYP.13495,https://openalex.org/W2981928855,no_pdf,data/pdfs/REFINE-0136.pdf,,,No PDF URL found in OpenAlex record
REFINE-0137,Maternal prenatal lead levels and neonatal brain volumes: Testing moderations by maternal depressive symptoms and family income,10.1016/J.NTT.2024.107322,https://openalex.org/W4390990705,error,data/pdfs/REFINE-0137.pdf,,,Downloaded file is not a valid PDF (Content-Type: text/html; charset=utf-8)
REFINE-0138,Neuro-transcriptomic signatures for mood disorder morbidity and suicide mortality,10.1016/J.JPSYCHIRES.2020.05.013,https://openalex.org/W3027001229,no_pdf,data/pdfs/REFINE-0138.pdf,,,No PDF URL found in OpenAlex record
REFINE-0139,Structural and functional differences in the cingulate cortex relate to disease severity in anorexia nervosa,,https://openalex.org/W2419275472,no_pdf,data/pdfs/REFINE-0139.pdf,,,HTTP 403 at PDF URL
REFINE-0140,In vivo relationship between serotonin 1A receptor binding and gray matter volume in the healthy brain and in major depressive disorder,10.1007/S00429-018-1649-6,https://openalex.org/W2791295143,no_pdf,data/pdfs/REFINE-0140.pdf,,,No PDF URL found in OpenAlex record
REFINE-0141,Biochemical abnormalities of the medial temporal lobe and medial prefrontal cortex in late-life depression,10.1016/J.PSCYCHRESNS.2008.07.001,https://openalex.org/W2138321923,no_pdf,data/pdfs/REFINE-0141.pdf,,,No PDF URL found in OpenAlex record
REFINE-0142,Brain structural correlates of depressive symptoms in Parkinson’s disease patients at different disease stage,10.1016/J.PSCYCHRESNS.2019.111029,https://openalex.org/W2997187691,no_pdf,data/pdfs/REFINE-0142.pdf,,,No PDF URL found in OpenAlex record
REFINE-0143,Structural correlates of apathy in Alzheimer’s disease: a multimodal MRI study,10.1002/GPS.4548,https://openalex.org/W2494566501,no_pdf,data/pdfs/REFINE-0143.pdf,,,No PDF URL found in OpenAlex record
REFINE-0144,Short-term group cognitive behavior therapy contributes to recovery from mild depression: Evidence from functional and structural MRI,10.1016/J.PSCYCHRESNS.2016.04.010,https://openalex.org/W2341201323,no_pdf,data/pdfs/REFINE-0144.pdf,,,No PDF URL found in OpenAlex record
REFINE-0145,Subcortical lesion severity and orbitofrontal cortex volume in geriatric depression,10.1016/S0006-3223(03)00063-5,https://openalex.org/W2023554569,no_pdf,data/pdfs/REFINE-0145.pdf,,,No PDF URL found in OpenAlex record
REFINE-0146,Imaging correlates of apathy and depression in Parkinson’s disease,10.1016/J.JNS.2011.07.006,https://openalex.org/W2077299202,no_pdf,data/pdfs/REFINE-0146.pdf,,,No PDF URL found in OpenAlex record
REFINE-0147,Social cognition and frontal lobe pathology in schizophrenia: A voxel-based morphometric study,10.1016/J.NEUROIMAGE.2006.10.046,https://openalex.org/W1974812269,no_pdf,data/pdfs/REFINE-0147.pdf,,,No PDF URL found in OpenAlex record
REFINE-0148,Altered gray matter volumes in post-stroke depressive patients after subcortical stroke,10.1016/J.NICL.2020.102224,https://openalex.org/W3008529970,error,data/pdfs/REFINE-0148.pdf,,cc-by,"('Connection aborted.', ConnectionResetError(104, 'Connection reset by peer'))"
REFINE-0149,Apoptotic Proteins in the Temporal Cortex in Schizophrenia: High Bax/Bcl-2 Ratio Without Caspase-3 Activation,10.1176/APPI.AJP.161.1.109,https://openalex.org/W2111988981,no_pdf,data/pdfs/REFINE-0149.pdf,,,No PDF URL found in OpenAlex record
REFINE-0150,Cortical thickness predicts the first onset of major depression in adolescence,10.1016/J.IJDEVNEU.2015.07.007,https://openalex.org/W26315399,no_pdf,data/pdfs/REFINE-0150.pdf,,,No PDF URL found in OpenAlex record
REFINE-0151,Non-verbal emotion communication training induces specific changes in brain function and structure,10.3389/FNHUM.2013.00648,,already_exists,data/pdfs/REFINE-0151.pdf,,,
REFINE-0152,Prepartum and postpartum maternal depressive symptoms are related to children’s brain structure in preschool,10.1016/J.BIOPSYCH.2015.12.004,https://openalex.org/W2200229034,no_pdf,data/pdfs/REFINE-0152.pdf,,,No PDF URL found in OpenAlex record
REFINE-0153,Cerebral Benzodiazepine Receptors in Depressed Patients Measured with [123I]iomazenil SPECT,10.1016/S0006-3223(02)01788-2,https://openalex.org/W2065228751,no_pdf,data/pdfs/REFINE-0153.pdf,,,No PDF URL found in OpenAlex record
REFINE-0154,"Brain hyperintensity location determines outcome in the triad of impaired cognition, physical health and depressive symptoms: A cohort study in late life",10.1016/J.ARCHGER.2015.10.004,https://openalex.org/W1784795871,no_pdf,data/pdfs/REFINE-0154.pdf,,other-oa,No PDF URL found in OpenAlex record
REFINE-0155,Orbitofrontal cortex grey matter volume is related to children’s depressive symptoms,10.1016/J.NICL.2020.102395,https://openalex.org/W3081176650,error,data/pdfs/REFINE-0155.pdf,,cc-by,Downloaded file is not a valid PDF (Content-Type: text/html; charset=utf-8)
REFINE-0156,Dispositional mindfulness co-varies with smaller amygdala and caudate volumes in community adults,10.1371/JOURNAL.PONE.0064574,,already_exists,data/pdfs/REFINE-0156.pdf,,,
REFINE-0157,Genetic patterning for child psychopathology is distinct from that for adults and implicates fetal cerebellar development,10.1038/S41593-023-01321-8,https://openalex.org/W4377020091,error,data/pdfs/REFINE-0157.pdf,,other-oa,Downloaded file is not a valid PDF (Content-Type: text/html; charset=utf-8)
REFINE-0158,Subthreshold depression and regional brain volumes in young community adolescents,10.1016/J.JAAC.2015.07.006,https://openalex.org/W1838724021,no_pdf,data/pdfs/REFINE-0158.pdf,,,No PDF URL found in OpenAlex record
REFINE-0159,Depressive symptoms in cognitively unimpaired older adults are associated with lower structural and functional integrity in a frontolimbic network,10.1038/S41380-022-01772-8,,already_exists,data/pdfs/REFINE-0159.pdf,,,
REFINE-0160,Cognitive-behavioral therapy increases prefrontal cortex gray matter in patients with chronic pain,10.1016/J.JPAIN.2013.07.020,https://openalex.org/W2081653089,no_pdf,data/pdfs/REFINE-0160.pdf,,,HTTP 403 at PDF URL
REFINE-0161,Reduced thalamic volume in men with antisocial personality disorder or schizophrenia and a history of serious violence and childhood abuse,10.1016/J.EURPSY.2012.03.002,https://openalex.org/W2068830347,no_pdf,data/pdfs/REFINE-0161.pdf,,,No PDF URL found in OpenAlex record
REFINE-0162,Morphometric changes of gray matter in Parkinson’s disease with depression: A voxel-based morphometry study,10.1002/MDS.21765,https://openalex.org/W2075050732,no_pdf,data/pdfs/REFINE-0162.pdf,,,No PDF URL found in OpenAlex record
REFINE-0163,Depression is associated with hippocampal volume loss in adults with HIV,10.1002/HBM.25451,https://openalex.org/W3165026812,no_pdf,data/pdfs/REFINE-0163.pdf,,,HTTP 403 at PDF URL
REFINE-0164,Large-scale structural network change correlates with clinical response to rTMS in depression,10.1038/S41386-021-01256-3,https://openalex.org/W4210328554,no_pdf,data/pdfs/REFINE-0164.pdf,,,No PDF URL found in OpenAlex record
REFINE-0165,Tissue type-specific bioenergetic abnormalities in adults with major depression,10.1038/NPP.2016.180,https://openalex.org/W2518624156,error,data/pdfs/REFINE-0165.pdf,,,"Downloaded file is not a valid PDF (Content-Type: text/html; charset=""utf-8"")"
REFINE-0166,Transient cognitive impairment and white matter hyperintensities in severely depressed older patients treated with electroconvulsive therapy,10.1016/J.JAGP.2020.12.028,,already_exists,data/pdfs/REFINE-0166.pdf,,,
REFINE-0167,Gray matter changes in late life depression—A structural MRI analysis,10.1038/SJ.NPP.1301655,https://openalex.org/W2065267118,error,data/pdfs/REFINE-0167.pdf,,,"Downloaded file is not a valid PDF (Content-Type: text/html; charset=""utf-8"")"
REFINE-0168,Impact of lingual gyrus volume on antidepressant response and neurocognitive functions in Major Depressive Disorder: A voxel-based morphometry study,10.1016/J.JAD.2014.08.018,https://openalex.org/W2073228054,no_pdf,data/pdfs/REFINE-0168.pdf,,cc-by,No PDF URL found in OpenAlex record
REFINE-0169,Prolactin mediates the relationship between regional gray matter volume and postpartum depression symptoms,10.1016/J.JAD.2022.01.051,https://openalex.org/W4206176447,no_pdf,data/pdfs/REFINE-0169.pdf,,,No PDF URL found in OpenAlex record
REFINE-0170,"Clinical, cortical thickness and neural activity predictors of future affective lability in youth at risk for bipolar disorder: Initial discovery and independent sample replication",10.1038/S41380-018-0273-4,https://openalex.org/W2896707931,no_pdf,data/pdfs/REFINE-0170.pdf,,,No PDF URL found in OpenAlex record
REFINE-0171,"Structural deficits in the emotion circuit and cerebellum are associated with depression, anxiety and cognitive dysfunction in methadone maintenance patients: A voxel-based morphometric study",10.1016/J.PSCYCHRESNS.2011.05.009,https://openalex.org/W2053330451,no_pdf,data/pdfs/REFINE-0171.pdf,,,No PDF URL found in OpenAlex record
REFINE-0172,Anterior cingulate volume predicts response to cognitive behavioral therapy in major depressive disorder,10.1016/J.JAD.2014.12.009,https://openalex.org/W2006877952,no_pdf,data/pdfs/REFINE-0172.pdf,,,No PDF URL found in OpenAlex record
REFINE-0173,A specific pattern of gray matter atrophy in Alzheimer’s disease with depression,10.1007/S00415-017-8603-Z,https://openalex.org/W2751957326,no_pdf,data/pdfs/REFINE-0173.pdf,,,No PDF URL found in OpenAlex record
REFINE-0174,Morphometric analysis of vascular pathology in the orbitofrontal cortex of older subjects with major depression,10.1002/GPS.3911,https://openalex.org/W1489384432,no_pdf,data/pdfs/REFINE-0174.pdf,,,No PDF URL found in OpenAlex record
REFINE-0175,Astrocytic hypertrophy in anterior cingulate white matter of depressed suicides,10.1038/NPP.2011.154,https://openalex.org/W2025026106,no_pdf,data/pdfs/REFINE-0175.pdf,,,No PDF URL found in OpenAlex record
REFINE-0176,Prefrontal-amygdala emotion regulation and depression in multiple sclerosis,10.1093/BRAINCOMMS/FCAC152,https://openalex.org/W4282837339,no_pdf,data/pdfs/REFINE-0176.pdf,,cc-by,HTTP 403 at PDF URL
REFINE-0177,The development of depressogenic self-schemas: Associations with children’s regional grey matter volume in ventrolateral prefrontal cortex,10.1017/S0954579421000341,https://openalex.org/W3164617449,no_pdf,data/pdfs/REFINE-0177.pdf,,,No PDF URL found in OpenAlex record
REFINE-0178,"Associations Between Daily Mood States and Brain Gray Matter Volume, Resting-State Functional Connectivity and Task-Based Activity in Healthy Adults",10.3389/FNHUM.2018.00168,,already_exists,data/pdfs/REFINE-0178.pdf,,,
REFINE-0179,Cortical thickness and VBM-DARTEL in late-life depression,10.1016/J.JAD.2011.04.010,https://openalex.org/W2027788726,no_pdf,data/pdfs/REFINE-0179.pdf,,,No PDF URL found in OpenAlex record
REFINE-0180,"Patients with primary biliary cholangitis and fatigue present with depressive symptoms and selected cognitive deficits, but with normal attention performance and brain structure",10.1371/JOURNAL.PONE.0190005,,already_exists,data/pdfs/REFINE-0180.pdf,,,
REFINE-0181,Gray matter reorganization underpinnings of antidepressant treatment of persistent depressive disorder,10.1016/J.EURONEURO.2020.12.009,https://openalex.org/W3120411719,no_pdf,data/pdfs/REFINE-0181.pdf,,,No PDF URL found in OpenAlex record
REFINE-0182,Pattern of brain atrophy in elderly patients with depression revealed by voxel-based morphometry,10.1016/J.PSCYCHRESNS.2007.12.018,https://openalex.org/W2047189322,no_pdf,data/pdfs/REFINE-0182.pdf,,,No PDF URL found in OpenAlex record
REFINE-0183,Depression and agitation factors are related to regional brain atrophy and faster longitudinal cognitive decline in mild cognitive impairment,10.3233/JAD-230929,https://openalex.org/W4390775889,no_pdf,data/pdfs/REFINE-0183.pdf,,,No PDF URL found in OpenAlex record
REFINE-0184,Depressive symptoms combined with auditory hallucinations are accompanied with severe gray matter brain impairments in patients with first-episode untreated schizophrenia – A pilot study in China,10.1016/J.NEULET.2020.135033,https://openalex.org/W3024194687,no_pdf,data/pdfs/REFINE-0184.pdf,,cc-by,No PDF URL found in OpenAlex record
REFINE-0185,"Brain morphometry points to emerging patterns of psychosis, depression, and anxiety vulnerability over a 2-year period in childhood",10.1017/S0033291721005304,https://openalex.org/W4206368009,error,data/pdfs/REFINE-0185.pdf,,,Downloaded file is not a valid PDF (Content-Type: text/html; charset=utf-8)
REFINE-0186,Correlation between gray matter volume in the temporal lobe and depressive symptoms in patients with Alzheimer’s disease,10.1016/J.NEULET.2013.05.021,https://openalex.org/W1969234930,no_pdf,data/pdfs/REFINE-0186.pdf,,,No PDF URL found in OpenAlex record
REFINE-0187,Apathy in persons living with HIV disease: A systematic narrative review,10.1016/J.JAD.2024.01.016,https://openalex.org/W4390843916,no_pdf,data/pdfs/REFINE-0187.pdf,,,No PDF URL found in OpenAlex record
REFINE-0188,Association of major depressive disorder with altered functional brain response during anticipation and processing of heat pain,10.1001/ARCHPSYC.65.11.1275,https://openalex.org/W2122030287,no_pdf,data/pdfs/REFINE-0188.pdf,,,No PDF URL found in OpenAlex record
REFINE-0189,Amygdala grey matter volume increase in gambling disorder with depression symptoms of clinical relevance: A voxel-based morphometry study,10.1080/14459795.2018.1452276,https://openalex.org/W2790061300,no_pdf,data/pdfs/REFINE-0189.pdf,,,No PDF URL found in OpenAlex record
REFINE-0190,Anatomic location and laterality of MRI signal hyperintensities in late-life depression,10.1016/S0022-3999(02)00425-7,https://openalex.org/W2070412875,no_pdf,data/pdfs/REFINE-0190.pdf,,,No PDF URL found in OpenAlex record
REFINE-0191,Antidepressant Exposure May Protect Against Decrement in Frontal Gray Matter Volumes in Geriatric Depression,10.4088/JCP.V66N0801,https://openalex.org/W1986586797,no_pdf,data/pdfs/REFINE-0191.pdf,,,No PDF URL found in OpenAlex record
REFINE-0192,Development of disordered eating behaviors and comorbid depressive symptoms in adolescence: Neural and psychopathological predictors,10.1016/J.BIOPSYCH.2020.06.003,,already_exists,data/pdfs/REFINE-0192.pdf,,,
REFINE-0193,Brain density in depression: Methodological and psychopathological aspects,10.1111/J.1600-0447.1988.TB06392.X,https://openalex.org/W2060119419,no_pdf,data/pdfs/REFINE-0193.pdf,,,No PDF URL found in OpenAlex record
REFINE-0194,Structural and functional improvement of amygdala sub-regions in postpartum depression after acupuncture,10.3389/FNHUM.2023.1163746,,already_exists,data/pdfs/REFINE-0194.pdf,,,
REFINE-0195,Hippocampal and parahippocampal volume and function predict antidepressant response in patients with major depression: A multimodal neuroimaging study,10.1177/02698811231190859,https://openalex.org/W4385897459,no_pdf,data/pdfs/REFINE-0195.pdf,,cc-by-nc,HTTP 403 at PDF URL
REFINE-0196,Bidirectional associations between perinatal allopregnanolone and depression severity with postpartum gray matter volume in adult women,10.1111/ACPS.13723,https://openalex.org/W4399986086,error,data/pdfs/REFINE-0196.pdf,,,Downloaded file is not a valid PDF (Content-Type: text/html; charset=utf-8)
REFINE-0197,Neutrophil to lymphocyte ratio is a transdiagnostic biomarker of depression and structural and functional brain alterations in older adults,10.1016/J.JNEUROIM.2022.577831,https://openalex.org/W4212842819,no_pdf,data/pdfs/REFINE-0197.pdf,,,No PDF URL found in OpenAlex record
REFINE-0198,Neuromodulation in response to electroconvulsive therapy in schizophrenia and major depression,10.1016/J.BRS.2017.01.578,https://openalex.org/W2574562829,no_pdf,data/pdfs/REFINE-0198.pdf,,cc-by-sa,No PDF URL found in OpenAlex record
REFINE-0199,Anatomical correlates of quality of life: Evidence from voxel-based morphometry,10.1002/HBM.22294,https://openalex.org/W1835177100,no_pdf,data/pdfs/REFINE-0199.pdf,,,HTTP 403 at PDF URL
REFINE-0200,Brain structures and functional connectivity in neglected children with no other types of maltreatment,10.1016/J.NEUROIMAGE.2024.120589,https://openalex.org/W4393409062,no_pdf,data/pdfs/REFINE-0200.pdf,,cc-by-nc-nd,No PDF URL found in OpenAlex record
REFINE-0201,Hyperconnectivity and altered interactions of a nucleus accumbens network in post-stroke depression,10.1093/BRAINCOMMS/FCAC281,https://openalex.org/W4308144309,no_pdf,data/pdfs/REFINE-0201.pdf,,cc-by,HTTP 403 at PDF URL
REFINE-0202,Neuroanatomical predictors of response to subcallosal cingulate deep brain stimulation for treatment-resistant depression,10.1503/JPN.180207,https://openalex.org/W2996585831,no_pdf,data/pdfs/REFINE-0202.pdf,,,HTTP 404 at PDF URL
REFINE-0203,Effects of the BDNF Val66Met Polymorphism on Gray Matter Volume in Typically Developing Children and Adolescents,10.1093/CERCOR/BHW020,https://openalex.org/W2253726092,no_pdf,data/pdfs/REFINE-0203.pdf,,,HTTP 403 at PDF URL
REFINE-0204,"Comparison of brain structural variables, neuropsychological factors, and treatment outcome in early-onset versus late-onset late-life depression",10.1016/J.JAGP.2013.02.005,https://openalex.org/W2079549927,no_pdf,data/pdfs/REFINE-0204.pdf,,,No PDF URL found in OpenAlex record
REFINE-0205,Neural Correlates of the Cortisol Awakening Response in Humans,10.1038/NPP.2015.77,https://openalex.org/W2009861277,no_pdf,data/pdfs/REFINE-0205.pdf,,,No PDF URL found in OpenAlex record
REFINE-0206,Patterns of reduced cortical thickness in late-life depression and relationship to psychotherapeutic response,10.1016/J.JAGP.2013.01.013,https://openalex.org/W2156102898,no_pdf,data/pdfs/REFINE-0206.pdf,,,No PDF URL found in OpenAlex record
REFINE-0207,Prefrontal cortex and amygdala volume in first minor or major depressive episode after cancer diagnosis,10.1016/J.BIOPSYCH.2005.08.018,https://openalex.org/W2061099394,no_pdf,data/pdfs/REFINE-0207.pdf,,,No PDF URL found in OpenAlex record
REFINE-0208,Neuropsychological functioning and MRI signal hyperintensities in geriatric depression,,https://openalex.org/W2125013734,no_pdf,data/pdfs/REFINE-0208.pdf,,,No PDF URL found in OpenAlex record
REFINE-0209,Orbitofrontal cortex volume in late life depression: Influence of hyperintense lesions and genetic polymorphisms,10.1017/S0033291707000128,https://openalex.org/W2096998125,no_pdf,data/pdfs/REFINE-0209.pdf,,,No PDF URL found in OpenAlex record
REFINE-0210,Cortical changes associated with depression and antidepressant use in Alzheimer and Lewy body dementia: An MRI surface-based morphometric study,10.1016/J.JAGP.2013.02.004,https://openalex.org/W2168471124,no_pdf,data/pdfs/REFINE-0210.pdf,,,HTTP 403 at PDF URL
REFINE-0211,Major Depression and Suicidality Following Brain Injury,,https://openalex.org/W2036795916,no_pdf,data/pdfs/REFINE-0211.pdf,,,No PDF URL found in OpenAlex record
REFINE-0212,In vivo structural and functional abnormalities of the striatums is related to decreased astrocytic BDNF in Itpr2-/- mice exhibiting depressive-like behavior,10.1155/2020/8830670,https://openalex.org/W3082960084,no_pdf,data/pdfs/REFINE-0212.pdf,,cc-by,HTTP 403 at PDF URL
REFINE-0213,Temporal lobe epilepsy and affective disorders: The role of the subgenual anterior cingulate cortex,10.1136/JNNP-2013-306966,,already_exists,data/pdfs/REFINE-0213.pdf,,,
REFINE-0214,"Early childhood cumulative risk is associated with decreased global brain measures, cortical thickness, and cognitive functioning in school‐age children",10.1002/DEV.21956,https://openalex.org/W3006050290,no_pdf,data/pdfs/REFINE-0214.pdf,,,No PDF URL found in OpenAlex record
REFINE-0215,Depression symptoms moderate the relationship between gray matter volumes and cognitive function in patients with mild cognitive impairment,10.1016/J.JPSYCHIRES.2022.05.017,https://openalex.org/W4281387657,no_pdf,data/pdfs/REFINE-0215.pdf,,,No PDF URL found in OpenAlex record
REFINE-0216,Evaluation in late-life depression of intercellular adhesion molecule-1 expression in the dorsolateral prefrontal cortex,10.1176/APPI.AJP.157.10.1682,https://openalex.org/W2131949437,no_pdf,data/pdfs/REFINE-0216.pdf,,,No PDF URL found in OpenAlex record
REFINE-0217,Aberrant topographical organization in gray matter structural network in late life depression: A graph theoretical analysis,10.1017/S104161021300149X,https://openalex.org/W2325384154,no_pdf,data/pdfs/REFINE-0217.pdf,,,No PDF URL found in OpenAlex record
REFINE-0218,Localizing gray matter deficits in late-onset depression using computational cortical pattern matching methods,10.1176/APPI.AJP.161.11.2091,https://openalex.org/W2113590396,no_pdf,data/pdfs/REFINE-0218.pdf,,,No PDF URL found in OpenAlex record
REFINE-0219,Anterior cingulate volume reduction in adolescents with borderline personality disorder and co-morbid major depression,10.1016/J.JPSYCHIRES.2010.11.011,https://openalex.org/W2120406854,no_pdf,data/pdfs/REFINE-0219.pdf,,,No PDF URL found in OpenAlex record
REFINE-0220,Regional Gray Matter Changes Are Associated with Cognitive Deficits in Remitted Geriatric Depression: An Optimized Voxel-Based Morphometry Study,10.1016/J.BIOPSYCH.2008.04.032,https://openalex.org/W2133382659,no_pdf,data/pdfs/REFINE-0220.pdf,,,No PDF URL found in OpenAlex record
REFINE-0221,Electroconvulsive therapy response in late-life depression unaffected by age-related brain changes,10.1016/J.JAD.2019.03.055,https://openalex.org/W2924404957,no_pdf,data/pdfs/REFINE-0221.pdf,,,No PDF URL found in OpenAlex record
REFINE-0222,Genetic vulnerability to affective psychopathology in childhood: A combined voxel-based morphometry and functional magnetic resonance imaging study,10.1016/J.BIOPSYCH.2009.01.033,https://openalex.org/W2076128392,no_pdf,data/pdfs/REFINE-0222.pdf,,,No PDF URL found in OpenAlex record
REFINE-0223,Lifelong impact of extreme stress on the human brain: Holocaust survivors study,10.1016/J.YNSTR.2021.100318,https://openalex.org/W3138226577,no_pdf,data/pdfs/REFINE-0223.pdf,,cc-by,No PDF URL found in OpenAlex record
REFINE-0224,Cortical thickness and hippocampal volume in vascular and non-vascular depressed patients,10.3389/FPSYT.2021.697489,,already_exists,data/pdfs/REFINE-0224.pdf,,,
REFINE-0225,Determining the effects of LLD and MCI on brain decline according to machine learning and a structural covariance network analysis,10.1016/J.JPSYCHIRES.2020.04.011,https://openalex.org/W3021666728,no_pdf,data/pdfs/REFINE-0225.pdf,,,No PDF URL found in OpenAlex record
REFINE-0226,White matter and subcortical gray matter lesion volume changes and late-life depression outcome: A 4-year magnetic resonance imaging study,10.1017/S1041610205002796,https://openalex.org/W2115695491,no_pdf,data/pdfs/REFINE-0226.pdf,,,No PDF URL found in OpenAlex record
REFINE-0227,Neurostructural impact of co-occurring anxiety in pediatric patients with major depressive disorder: A voxel-based morphometry study,10.1016/J.JAD.2014.09.004,https://openalex.org/W2097327209,no_pdf,data/pdfs/REFINE-0227.pdf,,,No PDF URL found in OpenAlex record
REFINE-0228,Effects of antipsychotic medication on brain structure in patients with major depressive disorder and psychotic features: Neuroimaging findings in the context of a randomized placebo-controlled clinical trial,10.1001/JAMAPSYCHIATRY.2020.0036,https://openalex.org/W3007246891,no_pdf,data/pdfs/REFINE-0228.pdf,,,HTTP 403 at PDF URL
REFINE-0229,Effects of parental emotional warmth on the relationship between regional gray matter volume and depression-related personality traits,10.1080/17470919.2016.1174150,https://openalex.org/W2342282487,no_pdf,data/pdfs/REFINE-0229.pdf,,,No PDF URL found in OpenAlex record
REFINE-0230,"Homer1a protein expression in schizophrenia, bipolar disorder, and major depression",10.1007/S00702-017-1776-X,https://openalex.org/W2747996850,no_pdf,data/pdfs/REFINE-0230.pdf,,,No PDF URL found in OpenAlex record
REFINE-0231,"Association between change in brain gray matter volume, cognition, and depression severity: Pre- and post- antidepressant pharmacotherapy for late-life depression",10.1016/J.JPSYCHIRES.2017.08.002,https://openalex.org/W2742732036,no_pdf,data/pdfs/REFINE-0231.pdf,,,No PDF URL found in OpenAlex record
REFINE-0232,Early childhood depression and alterations in the trajectory of gray matter maturation in middle childhood and early adolescence,10.1001/JAMAPSYCHIATRY.2015.2356,https://openalex.org/W2213415910,no_pdf,data/pdfs/REFINE-0232.pdf,,,HTTP 403 at PDF URL
REFINE-0233,Effect of non-invasive spinal cord stimulation in unmedicated adults with major depressive disorder: A pilot randomized controlled trial and induced current flow pattern,10.1038/S41380-023-02349-9,,already_exists,data/pdfs/REFINE-0233.pdf,,,
REFINE-0234,GWAS-identified risk variants for major depressive disorder: Preliminary support for an association with late-life depressive symptoms and brain structural alterations,10.1016/J.EURONEURO.2015.08.022,https://openalex.org/W1623192947,no_pdf,data/pdfs/REFINE-0234.pdf,,,No PDF URL found in OpenAlex record
REFINE-0235,Magnetic resonance imaging in late-life depression: Multimodal examination of network disruption,,,not_found,data/pdfs/REFINE-0235.pdf,,,Paper not found in OpenAlex
REFINE-0236,The association between gray matter volume in the hippocampal subfield and antidepressant efficacy mediated by abnormal dynamic functional connectivity,10.1038/S41598-024-56866-W,,already_exists,data/pdfs/REFINE-0236.pdf,,,
REFINE-0237,A controlled study of MRI signal hyperintensities in older depressed patients with and without hypertension,10.1046/J.1532-5415.2001.49240.X,https://openalex.org/W2080008908,no_pdf,data/pdfs/REFINE-0237.pdf,,,No PDF URL found in OpenAlex record
REFINE-0238,C-reactive protein and the kynurenic acid to quinolinic acid ratio are independently associated with White matter integrity in major depressive disorder,10.1016/J.BBI.2022.07.011,https://openalex.org/W4285605465,no_pdf,data/pdfs/REFINE-0238.pdf,,,No PDF URL found in OpenAlex record
REFINE-0239,Gray matter substrates of depressive and anxiety symptoms in idiopathic REM sleep behavior disorder,10.1016/J.PARKRELDIS.2018.12.020,https://openalex.org/W2903911942,no_pdf,data/pdfs/REFINE-0239.pdf,,,No PDF URL found in OpenAlex record
REFINE-0240,Neuroimaging features of depression–frailty phenotype in older adults: A pilot study,10.1017/S1041610223000066,https://openalex.org/W4321374603,error,data/pdfs/REFINE-0240.pdf,,,Downloaded file is not a valid PDF (Content-Type: text/html; charset=utf-8)
REFINE-0241,Plasma biosignature and brain pathology related to persistent cognitive impairment in late-life depression,10.1038/MP.2014.76,https://openalex.org/W2086139571,no_pdf,data/pdfs/REFINE-0241.pdf,,,No PDF URL found in OpenAlex record
REFINE-0242,Local neuroanatomical and tract-based proxies of optimal subcallosal cingulate deep brain stimulation,10.1016/J.BRS.2023.08.014,https://openalex.org/W4386024809,no_pdf,data/pdfs/REFINE-0242.pdf,,cc-by,No PDF URL found in OpenAlex record
REFINE-0243,"Reduced frontal brain volume in non-treatment-seeking cocaine-dependent individuals: Exploring the role of impulsivity, depression, and smoking",10.3389/FNHUM.2014.00007,,already_exists,data/pdfs/REFINE-0243.pdf,,,
REFINE-0244,Commonalities and differences in ECT-induced gray matter volume change between depression and schizophrenia,10.1016/J.NICL.2023.103429,https://openalex.org/W4367856344,error,data/pdfs/REFINE-0244.pdf,,cc-by,Downloaded file is not a valid PDF (Content-Type: text/html; charset=utf-8)
REFINE-0245,"Brain alterations in adult ADHD: Effects of gender, treatment and comorbid depression",10.1016/J.EURONEURO.2013.11.011,https://openalex.org/W2094966336,no_pdf,data/pdfs/REFINE-0245.pdf,,other-oa,No PDF URL found in OpenAlex record
REFINE-0246,31Phosphorus magnetic resonance spectroscopy study of tissue specific changes in high energy phosphates before and after sertraline treatment of geriatric depression,10.1002/GPS.2230,https://openalex.org/W1978440058,no_pdf,data/pdfs/REFINE-0246.pdf,,,HTTP 403 at PDF URL
REFINE-0247,Altered connectivity of the anterior cingulate and the posterior superior temporal gyrus in a longitudinal study of later-life depression,10.3389/FNAGI.2018.00031,,already_exists,data/pdfs/REFINE-0247.pdf,,,
REFINE-0248,"Frontal-subcortical volumetric deficits in single episode, medication-naïve depressed patients and the effects of 8 weeks fluoxetine treatment: A VBM-DARTEL study",10.1371/JOURNAL.PONE.0079055,,already_exists,data/pdfs/REFINE-0248.pdf,,,
REFINE-0249,Differences in cerebral structure associated with depressive symptoms in the elderly with Alzheimer’s disease,10.3389/FNAGI.2020.00107,https://openalex.org/W3025221675,no_pdf,data/pdfs/REFINE-0249.pdf,,cc-by,No PDF URL found in OpenAlex record
REFINE-0250,Effects of aerobic exercise training on brain structure and psychological well-being in young adults,,https://openalex.org/W2236473328,no_pdf,data/pdfs/REFINE-0250.pdf,,,No PDF URL found in OpenAlex record
REFINE-0251,Grey matter volume increase following electroconvulsive therapy in patients with late life depression: A longitudinal MRI study,10.1503/JPN.140322,https://openalex.org/W2417511783,no_pdf,data/pdfs/REFINE-0251.pdf,,,HTTP 403 at PDF URL
REFINE-0252,The functional neuroanatomy of geriatric depression,10.1002/GPS.2185,https://openalex.org/W2043887247,no_pdf,data/pdfs/REFINE-0252.pdf,,,No PDF URL found in OpenAlex record
REFINE-0253,Neural mapping of anhedonia across psychiatric diagnoses: A transdiagnostic neuroimaging analysis,10.1016/J.NICL.2021.102825,https://openalex.org/W3199231495,no_pdf,data/pdfs/REFINE-0253.pdf,,cc-by-nc-nd,No PDF URL found in OpenAlex record
REFINE-0254,Cell adhesion molecule expression in the dorsolateral prefrontal cortex and anterior cingulate cortex in major depression in the elderly,10.1017/S0007125000161847,https://openalex.org/W4241839689,no_pdf,data/pdfs/REFINE-0254.pdf,,,No PDF URL found in OpenAlex record
REFINE-0255,Delusional depression responding to clomipramine in Binswanger’s disease,10.1097/00005053-199007000-00009,https://openalex.org/W2058579405,no_pdf,data/pdfs/REFINE-0255.pdf,,,No PDF URL found in OpenAlex record
REFINE-0256,Altered brain regional homogeneity is associated with depressive symptoms in COVID-19,10.1016/J.JAD.2022.06.061,https://openalex.org/W4283516467,no_pdf,data/pdfs/REFINE-0256.pdf,,,No PDF URL found in OpenAlex record
REFINE-0257,Reduction of dorsolateral prefrontal cortex gray matter in late-life depression,10.1016/J.PSCYCHRESNS.2011.01.003,https://openalex.org/W1970221386,no_pdf,data/pdfs/REFINE-0257.pdf,,,No PDF URL found in OpenAlex record
REFINE-0258,Regional patterns of brain tissue loss associated with depression in Parkinson disease,10.1212/WNL.0B013E3181F11C1D,https://openalex.org/W1999514395,no_pdf,data/pdfs/REFINE-0258.pdf,,,No PDF URL found in OpenAlex record
REFINE-0259,Six-week oral ketamine treatment for chronic suicidality is associated with increased grey matter volume,10.1016/J.PSCYCHRESNS.2021.111369,https://openalex.org/W3194748817,no_pdf,data/pdfs/REFINE-0259.pdf,,,No PDF URL found in OpenAlex record
REFINE-0260,Serotonin selective reuptake inhibitor treatment improves cognition and grey matter atrophy but not amyloid burden during two-year follow-up in mild cognitive impairment and Alzheimer’s disease patients with depressive symptoms,10.3233/JAD-170387,https://openalex.org/W2883137360,no_pdf,data/pdfs/REFINE-0260.pdf,,,No PDF URL found in OpenAlex record
REFINE-0261,First episode drug-naïve major depressive disorder with panic disorder: Gray matter deficits in limbic and default network structures,10.1016/J.EURONEURO.2010.06.002,https://openalex.org/W2070853043,no_pdf,data/pdfs/REFINE-0261.pdf,,,No PDF URL found in OpenAlex record
REFINE-0262,Alterations in CRY2 and PER3 gene expression associated with thalamic-limbic community structural abnormalities in patients with bipolar depression or unipolar depression,10.1016/J.JAD.2021.10.125,https://openalex.org/W3209422349,no_pdf,data/pdfs/REFINE-0262.pdf,,,No PDF URL found in OpenAlex record
REFINE-0263,Alterations in cortical volume and complexity in Parkinson’s disease with depression,10.1111/CNS.14582,https://openalex.org/W4391646015,no_pdf,data/pdfs/REFINE-0263.pdf,,cc-by,HTTP 403 at PDF URL
REFINE-0264,Antidepressant effects of tDCS are associated with prefrontal gray matter volumes at baseline: Evidence from the ELECT-TDCS trial,10.1016/J.BRS.2019.05.006,https://openalex.org/W2943959675,no_pdf,data/pdfs/REFINE-0264.pdf,,cc-by-sa,No PDF URL found in OpenAlex record
REFINE-0265,Gray matter characteristics associated with trait anxiety in older adults are moderated by depression,10.1017/S1041610215000836,https://openalex.org/W2276466620,no_pdf,data/pdfs/REFINE-0265.pdf,,,No PDF URL found in OpenAlex record
REFINE-0266,A shared effect of paroxetine treatment on gray matter volume in depressive patients with and without childhood maltreatment: A voxel‐based morphometry study,10.1111/CNS.13055,https://openalex.org/W2891003198,no_pdf,data/pdfs/REFINE-0266.pdf,,,HTTP 403 at PDF URL
REFINE-0267,Relationship of orthostatic blood pressure to white matter hyperintensities and subcortical volumes in late-life depression,10.1192/BJP.BP.110.090423,,already_exists,data/pdfs/REFINE-0267.pdf,,,
REFINE-0268,Gray matter volume alterations associated with suicidal ideation and suicide attempts in patients with mood disorders,10.1186/S12991-020-00318-Y,,already_exists,data/pdfs/REFINE-0268.pdf,,,
REFINE-0269,Loss of superiority illusion in bipolar depressive disorder: A combined functional and structural MRI study,10.1016/J.JPSYCHIRES.2022.04.034,https://openalex.org/W4280631811,no_pdf,data/pdfs/REFINE-0269.pdf,,,No PDF URL found in OpenAlex record
REFINE-0270,"Regional, circuit and network heterogeneity of brain abnormalities in psychiatric disorders",10.1038/S41593-023-01404-6,,already_exists,data/pdfs/REFINE-0270.pdf,,,
REFINE-0271,"Cognitive behavioral therapy for antenatal depression in a pilot randomized controlled trial and effects on neurobiological, behavioral and cognitive outcomes in offspring 3–7 years postpartum: A perspective article on study findings, limitations and future aims",10.3389/FPSYT.2020.00034,,already_exists,data/pdfs/REFINE-0271.pdf,,,
REFINE-0272,The gray matter alterations in major depressive disorder and panic disorder: Putative differences in the pathogenesis,10.1016/J.JAD.2015.07.022,https://openalex.org/W1910976635,no_pdf,data/pdfs/REFINE-0272.pdf,,,No PDF URL found in OpenAlex record
REFINE-0273,"Migraine, depression, and brain volume: The AGES-Reykjavik Study",10.1212/WNL.0B013E318295D69E,https://openalex.org/W2056452836,no_pdf,data/pdfs/REFINE-0273.pdf,,,No PDF URL found in OpenAlex record
REFINE-0274,Associations between subclinical depressive symptoms and reduced brain volume in middle-aged to older adults,10.1080/13607863.2018.1432030,https://openalex.org/W2787822536,no_pdf,data/pdfs/REFINE-0274.pdf,,,No PDF URL found in OpenAlex record
REFINE-0275,Significant age by childhood trauma interactions on grey matter volumes: A whole brain VBM analysis,10.1111/BDI.13286,https://openalex.org/W4315498759,no_pdf,data/pdfs/REFINE-0275.pdf,,cc-by-nc,HTTP 403 at PDF URL
REFINE-0276,Antidepressants upregulate c-Fos expression in the lateral entorhinal cortex and hippocampal dorsal subiculum: Study in rats,10.1016/J.BRAINRESBULL.2019.08.015,https://openalex.org/W2969289556,no_pdf,data/pdfs/REFINE-0276.pdf,,,No PDF URL found in OpenAlex record
REFINE-0277,Increased orbitofrontal cortex levels of choline in depressed adolescents as detected by in vivo proton magnetic resonance spectroscopy,10.1016/S0006-3223(00)00942-2,https://openalex.org/W2051945563,no_pdf,data/pdfs/REFINE-0277.pdf,,,No PDF URL found in OpenAlex record
REFINE-0278,"Myelin staining of deep white matter in the dorsolateral prefrontal cortex in schizophrenia, bipolar disorder, and unipolar major depression",10.1016/J.PSYCHRES.2006.12.019,https://openalex.org/W17433451,no_pdf,data/pdfs/REFINE-0278.pdf,,,No PDF URL found in OpenAlex record
REFINE-0279,Index electroconvulsive therapy course to treat severe suicidality and depression in Fahr disease,10.1097/YCT.0000000000000264,https://openalex.org/W2414937075,no_pdf,data/pdfs/REFINE-0279.pdf,,,No PDF URL found in OpenAlex record
REFINE-0280,Rumination mediates the relationship between structural variations in ventrolateral prefrontal cortex and sensitivity to negative life events,10.1016/J.NEUROSCIENCE.2013.09.053,https://openalex.org/W2123600659,no_pdf,data/pdfs/REFINE-0280.pdf,,,No PDF URL found in OpenAlex record
REFINE-0281,"Longitudinal magnetic resonance imaging vascular changes, apolipoprotein E genotype, and development of dementia in the neurocognitive outcomes of depression in the elderly study",10.1097/JGP.0B013E318048A1A0,https://openalex.org/W2111531363,no_pdf,data/pdfs/REFINE-0281.pdf,,,No PDF URL found in OpenAlex record
REFINE-0282,Impact of early and recent stress on white matter microstructure in major depressive disorder,10.1016/J.JAD.2017.08.017,https://openalex.org/W2745904854,no_pdf,data/pdfs/REFINE-0282.pdf,,,No PDF URL found in OpenAlex record
REFINE-0283,Frontal atrophy and attention deficits in older adults with a history of elevated depressive symptoms,10.1007/S11682-009-9078-Z,https://openalex.org/W2164382381,no_pdf,data/pdfs/REFINE-0283.pdf,,,No PDF URL found in OpenAlex record
REFINE-0284,Subcortical hyperintensities on magnetic resonance imaging: Clinical correlates and prognostic significance in patients with severe depression,10.1016/0006-3223(94)00174-2,https://openalex.org/W2066096066,no_pdf,data/pdfs/REFINE-0284.pdf,,,No PDF URL found in OpenAlex record
REFINE-0285,Right external globus pallidus changes are associated with altered causal awareness in youth with depression,10.1038/TP.2015.148,,already_exists,data/pdfs/REFINE-0285.pdf,,,
REFINE-0286,"The temptation of suicide: striatal gray matter, discounting of delayed rewards, and suicide attempts in late-life depression",10.1017/S0033291711002133,https://openalex.org/W21999930,no_pdf,data/pdfs/REFINE-0286.pdf,,,No PDF URL found in OpenAlex record
REFINE-0287,Lifetime PTSD and geriatric depression symptomatology relate to altered dorsomedial frontal and amygdala morphometry,10.1016/J.PSCYCHRESNS.2017.07.003,https://openalex.org/W2737549002,no_pdf,data/pdfs/REFINE-0287.pdf,,,HTTP 403 at PDF URL
REFINE-0288,Divergent anatomical correlates and functional network connectivity patterns in temporal lobe epilepsy with and without depression,10.1007/S10548-021-00848-Y,https://openalex.org/W3207044766,no_pdf,data/pdfs/REFINE-0288.pdf,,,No PDF URL found in OpenAlex record
REFINE-0289,The orbitofrontal cortex gray matter is associated with the interaction between insomnia and depression,10.3389/FPSYT.2018.00651,,already_exists,data/pdfs/REFINE-0289.pdf,,,
REFINE-0290,Neural basis underlying the association between thought control ability and happiness: The moderating role of the amygdala,10.1002/PCHJ.741,https://openalex.org/W4392553258,no_pdf,data/pdfs/REFINE-0290.pdf,,cc-by,HTTP 403 at PDF URL
REFINE-0291,Transdiagnostic subgroups of cognitive impairment in early affective and psychotic illness,10.1038/S41386-023-01729-7,,already_exists,data/pdfs/REFINE-0291.pdf,,,
REFINE-0292,Basal ganglia morphology links the metabolic syndrome and depressive symptoms,10.1016/J.PHYSBEH.2013.09.014,https://openalex.org/W1979109404,no_pdf,data/pdfs/REFINE-0292.pdf,,cc-by-nc-nd,No PDF URL found in OpenAlex record
REFINE-0293,Exposure to parental verbal abuse is associated with increased gray matter volume in superior temporal gyrus,10.1016/J.NEUROIMAGE.2010.05.027,https://openalex.org/W2040421938,no_pdf,data/pdfs/REFINE-0293.pdf,,cc-by-nc-nd,No PDF URL found in OpenAlex record
REFINE-0294,Altered cerebral blood flow in Alzheimer’s disease with depression,10.3389/FPSYT.2021.687739,,already_exists,data/pdfs/REFINE-0294.pdf,,,
REFINE-0295,Biological and social predictors of long-term geriatric depression outcome,10.1017/S1041610205000979,https://openalex.org/W2149609356,no_pdf,data/pdfs/REFINE-0295.pdf,,,No PDF URL found in OpenAlex record
REFINE-0296,Neuroanatomical characteristics of geriatric apathy and depression: A magnetic resonance imaging study,10.1097/JGP.0B013E3180325A16,https://openalex.org/W2095032469,no_pdf,data/pdfs/REFINE-0296.pdf,,,No PDF URL found in OpenAlex record
REFINE-0297,Depression in dementia with Lewy bodies: A critical update,10.1007/S00702-023-02669-8,https://openalex.org/W4383482471,no_pdf,data/pdfs/REFINE-0297.pdf,,,No PDF URL found in OpenAlex record
REFINE-0298,Neuroanatomy in monozygotic twins with Asperger disorder discordant for comorbid depression,10.1212/01.WNL.0000172360.99310.3F,https://openalex.org/W2160824306,no_pdf,data/pdfs/REFINE-0298.pdf,,,No PDF URL found in OpenAlex record
REFINE-0299,Mapping Brain Size and Cortical Gray Matter Changes in Elderly Depression,10.1016/J.BIOPSYCH.2003.09.004,https://openalex.org/W2096831423,no_pdf,data/pdfs/REFINE-0299.pdf,,,No PDF URL found in OpenAlex record
REFINE-0300,Cortical alterations are associated with depression in subcortical vascular mild cognitive impairment revealed by surface-based morphometry,,https://openalex.org/W3090086924,no_pdf,data/pdfs/REFINE-0300.pdf,,,No PDF URL found in OpenAlex record
REFINE-0301,Structural brain changes as biomarkers and outcome predictors in patients with late-life depression: A cross-sectional and prospective study,10.1371/JOURNAL.PONE.0080049,,already_exists,data/pdfs/REFINE-0301.pdf,,,
REFINE-0302,Alterations of brain volumes in women with early life maltreatment and their associations with oxytocin,10.1016/J.YHBEH.2017.11.005,https://openalex.org/W2774228354,no_pdf,data/pdfs/REFINE-0302.pdf,,,No PDF URL found in OpenAlex record
REFINE-0303,"Altruistic Social Activity, Depressive Symptoms, and Brain Regional Gray Matter Volume: Voxel-Based Morphometry Analysis From 8,695 Old Adults",10.1093/GERONA/GLAC093,https://openalex.org/W4224249231,no_pdf,data/pdfs/REFINE-0303.pdf,,,No PDF URL found in OpenAlex record
REFINE-0304,Atrophy of right inferior frontal orbital gyrus and frontoparietal functional connectivity abnormality in depressed suicide attempters,10.1007/S11682-019-00206-4,https://openalex.org/W3012256197,no_pdf,data/pdfs/REFINE-0304.pdf,,,No PDF URL found in OpenAlex record
REFINE-0305,Anterior cingulate cortical volumes and treatment remission of geriatric depression,10.1002/GPS.2290,https://openalex.org/W2014617960,no_pdf,data/pdfs/REFINE-0305.pdf,,,HTTP 403 at PDF URL
REFINE-0306,Negative emotions and brain: Negative emotions mediates the association between structural and functional variations in emotional-related brain regions and sleep quality,10.1016/J.SLEEP.2022.03.023,https://openalex.org/W4224250573,no_pdf,data/pdfs/REFINE-0306.pdf,,,No PDF URL found in OpenAlex record
REFINE-0307,"A longitudinal, randomized experimental pilot study to investigate the effects of airborne infrasound on human mental health, cognition, and brain structure",10.1038/S41598-021-82203-6,,already_exists,data/pdfs/REFINE-0307.pdf,,,
REFINE-0308,State-dependent and trait-related gray matter changes in nonrefractory depression,10.1097/WNR.0000000000000301,https://openalex.org/W1994568119,no_pdf,data/pdfs/REFINE-0308.pdf,,,No PDF URL found in OpenAlex record
REFINE-0309,Naltrexone treatment reverses astrocyte atrophy and immune dysfunction in self-harming macaques,10.1016/J.BBI.2015.07.017,https://openalex.org/W903768985,no_pdf,data/pdfs/REFINE-0309.pdf,,,No PDF URL found in OpenAlex record
REFINE-0310,Tissue-specific differences in brain phosphodiesters in late-life major depression,10.1016/J.JAGP.2012.08.005,https://openalex.org/W2164538095,no_pdf,data/pdfs/REFINE-0310.pdf,,,No PDF URL found in OpenAlex record
REFINE-0311,Optic coherence tomography shows inflammation and degeneration in major depressive disorder patients correlated with disease severity,10.1016/J.JAD.2016.06.039,https://openalex.org/W2434707423,no_pdf,data/pdfs/REFINE-0311.pdf,,,No PDF URL found in OpenAlex record
REFINE-0312,Structural brain alterations in older adults exposed to early-life adversity,10.1016/J.PSYNEUEN.2021.105272,https://openalex.org/W3162097243,no_pdf,data/pdfs/REFINE-0312.pdf,,,HTTP 403 at PDF URL
REFINE-0313,The serotonin transporter genotype modulates the relationship between early stress and adult suicidality in bipolar disorder,10.1111/BDI.12250,https://openalex.org/W2079163994,no_pdf,data/pdfs/REFINE-0313.pdf,,,No PDF URL found in OpenAlex record
REFINE-0314,Imaging the neuroplastic effects of ketamine with VBM and the necessity of placebo control,10.1016/J.NEUROIMAGE.2016.12.032,https://openalex.org/W2566776383,no_pdf,data/pdfs/REFINE-0314.pdf,,,No PDF URL found in OpenAlex record
REFINE-0315,Early and late effects of electroconvulsive therapy associated with different temporal lobe structures,10.1038/S41398-020-01025-8,,already_exists,data/pdfs/REFINE-0315.pdf,,,
REFINE-0316,Variant in oxytocin receptor gene is associated with amygdala volume,10.1016/J.PSYNEUEN.2010.12.004,https://openalex.org/W2040710885,no_pdf,data/pdfs/REFINE-0316.pdf,,,No PDF URL found in OpenAlex record
REFINE-0317,"Cumulative adversity and smaller gray matter volume in medial prefrontal, anterior cingulate, and insula regions",10.1016/J.BIOPSYCH.2011.11.022,https://openalex.org/W2001565222,no_pdf,data/pdfs/REFINE-0317.pdf,,,No PDF URL found in OpenAlex record
REFINE-0318,"Association of cerebral amyloidosis, blood pressure, and neuronal injury with late-life onset depression",,,not_found,data/pdfs/REFINE-0318.pdf,,,Paper not found in OpenAlex
REFINE-0319,Associations between parental depression and anxiety symptom severity and their offspring’s cortical thickness and subcortical volume,10.1016/J.JPSYCHIRES.2023.09.014,https://openalex.org/W4386980428,no_pdf,data/pdfs/REFINE-0319.pdf,,,No PDF URL found in OpenAlex record
REFINE-0320,"Linking menopause-related factors, history of depression, APOE ε4, and proxies of biological aging in the UK biobank cohort",10.1016/J.YHBEH.2024.105596,,already_exists,data/pdfs/REFINE-0320.pdf,,,
REFINE-0321,Regional brain volume in depression and anxiety disorders,10.1001/ARCHGENPSYCHIATRY.2010.121,https://openalex.org/W1992474739,no_pdf,data/pdfs/REFINE-0321.pdf,,,No PDF URL found in OpenAlex record
REFINE-0322,Cortical volume reductions in men transitioning to first-time fatherhood reflect both parenting engagement and mental health risk,10.1093/CERCOR/BHAE126,https://openalex.org/W4394793869,no_pdf,data/pdfs/REFINE-0322.pdf,,,HTTP 403 at PDF URL
REFINE-0323,Depression is associated with preserved cortical thickness relative to apathy in frontotemporal dementia,10.1177/0891988720964258,https://openalex.org/W3092489098,no_pdf,data/pdfs/REFINE-0323.pdf,,,No PDF URL found in OpenAlex record
REFINE-0324,Apolipoprotein E genotype and subcortical vascular lesions in older depressed patients and control subjects,10.1016/S0006-3223(02)01782-1,https://openalex.org/W2079293052,no_pdf,data/pdfs/REFINE-0324.pdf,,,No PDF URL found in OpenAlex record
REFINE-0325,Brain-Cognition Associations in Older Patients With Remitted Major Depressive Disorder or Mild Cognitive Impairment: A Multivariate Analysis of Gray and White Matter Integrity,10.1016/J.BIOPSYCH.2023.05.018,https://openalex.org/W4379162608,no_pdf,data/pdfs/REFINE-0325.pdf,,,No PDF URL found in OpenAlex record
REFINE-0326,Improved anatomic delineation of the antidepressant response to partial sleep deprivation in medial frontal cortex using perfusion-weighted functional MRI,10.1016/J.PSCYCHRESNS.2005.12.008,https://openalex.org/W2048452044,no_pdf,data/pdfs/REFINE-0326.pdf,,,No PDF URL found in OpenAlex record
REFINE-0327,Neural correlates of adolescent irritability and its comorbidity with psychiatric disorders,10.1016/J.JAAC.2019.11.028,https://openalex.org/W3081987832,no_pdf,data/pdfs/REFINE-0327.pdf,,,No PDF URL found in OpenAlex record
REFINE-0328,Neuroimaging changes in mesial temporal lobe epilepsy are magnified in the presence of depression,10.1016/J.YEBEH.2010.08.012,https://openalex.org/W2001993836,no_pdf,data/pdfs/REFINE-0328.pdf,,,No PDF URL found in OpenAlex record
REFINE-0329,Neuroanatomical correlates of depression in Friedreich’s ataxia: A voxel-based morphometry study,10.1007/S12311-012-0424-0,https://openalex.org/W2073880764,no_pdf,data/pdfs/REFINE-0329.pdf,,,No PDF URL found in OpenAlex record
REFINE-0330,Cognitive impairment and structural abnormalities in late life depression with olfactory identification impairment: An Alzheimer’s disease-like pattern,10.1093/IJNP/PYY016,https://openalex.org/W2793427821,no_pdf,data/pdfs/REFINE-0330.pdf,,,HTTP 403 at PDF URL
REFINE-0331,The association of psychosocial risk factors for mental health with a brain marker altered by inflammation: A translocator protein (TSPO) PET imaging study,10.1016/J.BBI.2019.05.023,https://openalex.org/W2946654946,no_pdf,data/pdfs/REFINE-0331.pdf,,,No PDF URL found in OpenAlex record
REFINE-0332,Enhanced temporal coupling between thalamus and dorsolateral prefrontal cortex mediates chronic low back pain and depression,10.1155/2021/7498714,https://openalex.org/W3203435300,no_pdf,data/pdfs/REFINE-0332.pdf,,cc-by,HTTP 403 at PDF URL
REFINE-0333,Structural abnormalities associated with poor outcome of a major depressive episode: The role of thalamus,10.1016/J.PSCYCHRESNS.2020.111158,https://openalex.org/W3081016977,no_pdf,data/pdfs/REFINE-0333.pdf,,other-oa,No PDF URL found in OpenAlex record
REFINE-0334,Greater MRI lesion volumes in elderly depressed subjects than in control subjects,10.1016/J.PSCYCHRESNS.2004.08.004,https://openalex.org/W2060852029,no_pdf,data/pdfs/REFINE-0334.pdf,,,No PDF URL found in OpenAlex record
REFINE-0335,Prefrontal resting-state connectivity and antidepressant response: No associations in the ELECT‑TDCS trial,10.1007/S00406-020-01187-Y,https://openalex.org/W3082666523,no_pdf,data/pdfs/REFINE-0335.pdf,,,No PDF URL found in OpenAlex record
REFINE-0336,Maternal Childhood Maltreatment Is Associated With Lower Infant Gray Matter Volume and Amygdala Volume During the First Two Years of Life,10.1016/J.BPSGOS.2021.09.005,https://openalex.org/W3202730013,no_pdf,data/pdfs/REFINE-0336.pdf,,cc-by-nc-nd,No PDF URL found in OpenAlex record
REFINE-0337,Baseline clinical and neuroimaging biomarkers of treatment response to high-frequency rTMS over the left DLPFC for resistant depression,10.3389/FPSYT.2022.894473,,already_exists,data/pdfs/REFINE-0337.pdf,,,
REFINE-0338,White matter hyperintensity accumulation during treatment of late-life depression,10.1038/NPP.2015.158,https://openalex.org/W1485956750,no_pdf,data/pdfs/REFINE-0338.pdf,,,No PDF URL found in OpenAlex record
REFINE-0339,Examining gray matter structures associated with individual differences in global life satisfaction in a large sample of young adults,10.1093/SCAN/NSU144,https://openalex.org/W1989610321,no_pdf,data/pdfs/REFINE-0339.pdf,,cc-by-nc,HTTP 403 at PDF URL
REFINE-0340,Tubulin Polymerization Promoting Protein (TPPP) gene methylation and corpus callosum measures in maltreated children,10.1016/J.PSCYCHRESNS.2020.111058,https://openalex.org/W3007947069,no_pdf,data/pdfs/REFINE-0340.pdf,,,No PDF URL found in OpenAlex record
REFINE-0341,Hippocampal volume and depression among young children,10.1016/J.PSCYCHRESNS.2019.04.012,https://openalex.org/W2943607220,no_pdf,data/pdfs/REFINE-0341.pdf,,,No PDF URL found in OpenAlex record
REFINE-0342,Magnetic resonance imaging in late-life depression: Vascular and glucocorticoid cascade hypotheses,10.1192/BJP.BP.111.105361,,already_exists,data/pdfs/REFINE-0342.pdf,,,
REFINE-0343,Transcranial magnetic stimulation of left dorsolateral prefrontal cortex induces brain morphological changes in regions associated with a treatment resistant major depressive episode: An exploratory analysis,10.1016/J.BRS.2016.02.011,https://openalex.org/W2292600623,no_pdf,data/pdfs/REFINE-0343.pdf,,cc-by-sa,No PDF URL found in OpenAlex record
REFINE-0344,Structural brain plasticity and inflammation are independently related to changes in depressive symptoms six months after an index ECT course,10.1017/S0033291722003555,https://openalex.org/W4313500634,error,data/pdfs/REFINE-0344.pdf,,,HTTP 202
REFINE-0345,Glial fibrillary acidic protein in late life major depressive disorder: An immunocytochemical study,10.1136/JNNP.73.5.556,,already_exists,data/pdfs/REFINE-0345.pdf,,,
REFINE-0346,"Immune-related genetic overlap between regional gray matter reductions and psychiatric symptoms in adolescents, and gene-set validation in a translational model",10.3389/FNSYS.2021.725413,,already_exists,data/pdfs/REFINE-0346.pdf,,,
REFINE-0347,Effects of erythropoietin on hippocampal volume and memory in mood disorders,10.1016/J.BIOPSYCH.2014.12.013,https://openalex.org/W2037656344,no_pdf,data/pdfs/REFINE-0347.pdf,,,No PDF URL found in OpenAlex record
REFINE-0348,Coverage of blood vessels by astrocytic endfeet is reduced in major depressive disorder,10.1016/J.BIOPSYCH.2012.09.024,https://openalex.org/W1993979927,no_pdf,data/pdfs/REFINE-0348.pdf,,,No PDF URL found in OpenAlex record
REFINE-0349,Anterior cingulate gyrus acts as a moderator of the relationship between problematic mobile phone use and depressive symptoms in college students,10.1093/SCAN/NSAB016,https://openalex.org/W3126309046,no_pdf,data/pdfs/REFINE-0349.pdf,,,HTTP 403 at PDF URL
REFINE-0350,"Association of type 2 diabetes with depression, brain atrophy, and reduced fine motor speed in a 60- to 64-year-old community sample",10.1097/JGP.0B013E31818B40FC,https://openalex.org/W1993417726,no_pdf,data/pdfs/REFINE-0350.pdf,,,No PDF URL found in OpenAlex record
REFINE-0351,"Inflammation, negative affect, and amyloid burden in Alzheimer’s disease: Insights from the kynurenine pathway",10.1016/J.BBI.2021.03.019,https://openalex.org/W3142533463,no_pdf,data/pdfs/REFINE-0351.pdf,,,No PDF URL found in OpenAlex record
REFINE-0352,Ventricular enlargement and caudate hyperdensity in elderly depressives,10.1016/0006-3223(91)90306-7,https://openalex.org/W1983464990,no_pdf,data/pdfs/REFINE-0352.pdf,,,No PDF URL found in OpenAlex record
REFINE-0353,Brain-gut microbiota multimodal predictive model in patients with bipolar depression,10.1016/J.JAD.2022.11.026,https://openalex.org/W4309410940,no_pdf,data/pdfs/REFINE-0353.pdf,,,No PDF URL found in OpenAlex record
REFINE-0354,Gray matter volume and white matter lesions in chronic kidney disease: Exploring the association with depressive symptoms,10.1016/J.GENHOSPPSYCH.2016.02.005,https://openalex.org/W2289143589,no_pdf,data/pdfs/REFINE-0354.pdf,,,No PDF URL found in OpenAlex record
REFINE-0355,Preschool sleep and depression interact to predict gray matter volume trajectories across late childhood to adolescence,10.1016/J.DCN.2021.101053,https://openalex.org/W4200354992,no_pdf,data/pdfs/REFINE-0355.pdf,,cc-by-nc-nd,No PDF URL found in OpenAlex record
REFINE-0356,Brain areas associated with resilience to depression in high-risk young women,10.1007/S00429-021-02215-W,https://openalex.org/W3121245277,no_pdf,data/pdfs/REFINE-0356.pdf,,,No PDF URL found in OpenAlex record
REFINE-0357,Disrupted orbitomedial prefrontal limbic network in individuals with later-life depression,10.1016/J.JAD.2016.06.031,https://openalex.org/W2427371029,no_pdf,data/pdfs/REFINE-0357.pdf,,,No PDF URL found in OpenAlex record
REFINE-0358,Vascular and extravascular immunoreactivity for intercellular adhesion molecule 1 in the orbitofrontal cortex of subjects with major depression: Age-dependent changes,10.1016/J.JAD.2011.03.052,https://openalex.org/W2050166002,no_pdf,data/pdfs/REFINE-0358.pdf,,,No PDF URL found in OpenAlex record
REFINE-0359,Limbic and frontal cortical degeneration is associated with psychiatric symptoms in PINK1 mutation carriers,10.1016/J.BIOPSYCH.2007.12.010,https://openalex.org/W2097565031,no_pdf,data/pdfs/REFINE-0359.pdf,,,No PDF URL found in OpenAlex record
REFINE-0360,"Social threat, fronto-cingulate-limbic morphometry, and symptom course in depressed adolescents: A longitudinal investigation",10.1017/S0033291722002239,,already_exists,data/pdfs/REFINE-0360.pdf,,,
REFINE-0361,"DNA methylation differences in stress-related genes, functional connectivity and gray matter volume in depressed and healthy adolescents",10.1016/J.JAD.2020.03.062,https://openalex.org/W3015973916,no_pdf,data/pdfs/REFINE-0361.pdf,,,No PDF URL found in OpenAlex record
REFINE-0362,Cerebellar telomere length and psychiatric disorders,10.1007/S10519-010-9338-0,https://openalex.org/W2098238271,no_pdf,data/pdfs/REFINE-0362.pdf,,,No PDF URL found in OpenAlex record
REFINE-0363,Comparative study of magnetic resonance imaging-based neuroimaging methods in older adults with depression,10.1016/J.PSCYCHRESNS.2023.111637,https://openalex.org/W4362471685,no_pdf,data/pdfs/REFINE-0363.pdf,,cc-by-nc-nd,No PDF URL found in OpenAlex record
